2026-04-19 00:42:12,532 | INFO | Log file: logs/training_final_20260419_004212.log
2026-04-19 00:42:12,532 | INFO | ============================================================
2026-04-19 00:42:12,532 | INFO | CONFIGURATION
2026-04-19 00:42:12,532 | INFO | ============================================================
2026-04-19 00:42:12,532 | INFO |   BATCH_SIZE                = 32
2026-04-19 00:42:12,533 | INFO |   DATA_DIR                  = data/MRL_AUGMENTED
2026-04-19 00:42:12,533 | INFO |   GRAD_CLIP                 = 1.0
2026-04-19 00:42:12,533 | INFO |   IMAGE_SIZE                = 224
2026-04-19 00:42:12,533 | INFO |   LABEL_SMOOTHING           = 0.1
2026-04-19 00:42:12,533 | INFO |   LEARNING_RATE             = 2e-05
2026-04-19 00:42:12,533 | INFO |   LOG_EVERY                 = 100
2026-04-19 00:42:12,533 | INFO |   MODEL_NAME                = google/vit-base-patch16-224
2026-04-19 00:42:12,533 | INFO |   MONITOR_EVERY             = 100
2026-04-19 00:42:12,533 | INFO |   NUM_EPOCHS                = 15
2026-04-19 00:42:12,533 | INFO |   NUM_LABELS                = 2
2026-04-19 00:42:12,534 | INFO |   NUM_WORKERS               = 2
2026-04-19 00:42:12,534 | INFO |   OUTPUT_DIR                = ./models/vit-base-mrl-augmented-2
2026-04-19 00:42:12,534 | INFO |   PATIENCE                  = 15
2026-04-19 00:42:12,534 | INFO |   PIN_MEMORY                = True
2026-04-19 00:42:12,534 | INFO |   PREFETCH_FACTOR           = 2
2026-04-19 00:42:12,534 | INFO |   SEED                      = 42
2026-04-19 00:42:12,534 | INFO |   SUBSET_SIZE               = 5000
2026-04-19 00:42:12,534 | INFO |   USE_BF16                  = True
2026-04-19 00:42:12,534 | INFO |   USE_SUBSET                = False
2026-04-19 00:42:12,534 | INFO |   WARMUP_RATIO              = 0.1
2026-04-19 00:42:12,534 | INFO |   WEIGHT_DECAY              = 0.01
2026-04-19 00:42:12,534 | INFO | ============================================================
2026-04-19 00:42:12,679 | INFO | GPU:      NVIDIA GeForce RTX 5050
2026-04-19 00:42:12,679 | INFO | VRAM:     8.5 GB
2026-04-19 00:42:12,680 | INFO | CUDA:     12.8
2026-04-19 00:42:12,680 | INFO | PyTorch:  2.12.0.dev20260408+cu128
2026-04-19 00:42:12,680 | INFO | BF16:     True
2026-04-19 00:42:12,681 | INFO | TF32:     True
2026-04-19 00:42:12,681 | INFO | GC:       disabled
2026-04-19 00:42:12,681 | INFO | Pre-allocating CUDA memory pool...
2026-04-19 00:42:12,703 | INFO | CUDA pool ready
2026-04-19 00:42:12,742 | INFO | Initial GPU: temp=34C | util=11% | vram=1.0GB | clock=345MHz
2026-04-19 00:42:12,744 | INFO | 
============================================================
2026-04-19 00:42:12,745 | INFO | STEP 1: DATASETS
2026-04-19 00:42:12,745 | INFO | ============================================================
2026-04-19 00:42:12,745 | INFO | Val split found: 'val'
2026-04-19 00:42:13,263 | INFO | HTTP Request: HEAD https://huggingface.co/google/vit-base-patch16-224/resolve/main/processor_config.json "HTTP/1.1 404 Not Found"
2026-04-19 00:42:13,412 | INFO | HTTP Request: HEAD https://huggingface.co/google/vit-base-patch16-224/resolve/main/preprocessor_config.json "HTTP/1.1 307 Temporary Redirect"
2026-04-19 00:42:13,425 | INFO | HTTP Request: HEAD https://huggingface.co/api/resolve-cache/models/google/vit-base-patch16-224/3f49326eb077187dfe1c2a2bb15fbd74e6ab91e3/preprocessor_config.json "HTTP/1.1 200 OK"
2026-04-19 00:42:13,581 | INFO | HTTP Request: HEAD https://huggingface.co/google/vit-base-patch16-224/resolve/main/config.json "HTTP/1.1 307 Temporary Redirect"
2026-04-19 00:42:13,593 | INFO | HTTP Request: HEAD https://huggingface.co/api/resolve-cache/models/google/vit-base-patch16-224/3f49326eb077187dfe1c2a2bb15fbd74e6ab91e3/config.json "HTTP/1.1 200 OK"
2026-04-19 00:42:13,815 | INFO | HTTP Request: HEAD https://huggingface.co/google/vit-base-patch16-224/resolve/main/processor_config.json "HTTP/1.1 404 Not Found"
2026-04-19 00:42:13,980 | INFO | HTTP Request: HEAD https://huggingface.co/google/vit-base-patch16-224/resolve/main/preprocessor_config.json "HTTP/1.1 307 Temporary Redirect"
2026-04-19 00:42:13,981 | WARNING | Warning: You are sending unauthenticated requests to the HF Hub. Please set a HF_TOKEN to enable higher rate limits and faster downloads.
2026-04-19 00:42:14,006 | INFO | HTTP Request: HEAD https://huggingface.co/api/resolve-cache/models/google/vit-base-patch16-224/3f49326eb077187dfe1c2a2bb15fbd74e6ab91e3/preprocessor_config.json "HTTP/1.1 200 OK"
2026-04-19 00:42:14,008 | INFO | Processor mean: (0.5, 0.5, 0.5)
2026-04-19 00:42:14,009 | INFO | Processor std:  (0.5, 0.5, 0.5)
2026-04-19 00:42:14,657 | INFO | Train: 305,622 images | 9,550 batches/epoch
2026-04-19 00:42:14,657 | INFO | Val:   16,980 images | 266 batches
2026-04-19 00:42:14,657 | INFO | Test:  16,981 images | 266 batches
2026-04-19 00:42:14,657 | INFO | 
============================================================
2026-04-19 00:42:14,657 | INFO | STEP 2: MODEL (ViT-Base)
2026-04-19 00:42:14,657 | INFO | ============================================================
2026-04-19 00:42:14,805 | INFO | HTTP Request: HEAD https://huggingface.co/google/vit-base-patch16-224/resolve/main/config.json "HTTP/1.1 307 Temporary Redirect"
2026-04-19 00:42:14,818 | INFO | HTTP Request: HEAD https://huggingface.co/api/resolve-cache/models/google/vit-base-patch16-224/3f49326eb077187dfe1c2a2bb15fbd74e6ab91e3/config.json "HTTP/1.1 200 OK"
2026-04-19 00:42:15,496 | INFO | Architecture:    ViT-Base-Patch16-224
2026-04-19 00:42:15,496 | INFO | Total params:    85.8M
2026-04-19 00:42:15,497 | INFO | Trainable:       85.8M (all)
2026-04-19 00:42:15,497 | INFO | Patch size:      16x16 pixels
2026-04-19 00:42:15,497 | INFO | Patches/image:   196 (14x14 grid)
2026-04-19 00:42:15,497 | INFO | Hidden dim:      768
2026-04-19 00:42:15,497 | INFO | Attention heads: 12
2026-04-19 00:42:15,497 | INFO | Encoder layers:  12
2026-04-19 00:42:15,498 | INFO | Classifier:      768 → 2 classes
2026-04-19 00:42:15,498 | INFO | VRAM after load: 0.34GB
2026-04-19 00:42:15,498 | INFO | 
============================================================
2026-04-19 00:42:15,498 | INFO | STEP 3: OPTIMIZER + SCHEDULER + LOSS
2026-04-19 00:42:15,498 | INFO | ============================================================
2026-04-19 00:42:15,499 | INFO | Optimizer:       AdamW (fused)
2026-04-19 00:42:15,499 | INFO | Learning rate:   2e-05
2026-04-19 00:42:15,499 | INFO | Weight decay:    0.01
2026-04-19 00:42:15,499 | INFO | LR schedule:     Cosine with warmup
2026-04-19 00:42:15,499 | INFO | Total steps:     143,250
2026-04-19 00:42:15,499 | INFO | Warmup steps:    14,325 (10%)
2026-04-19 00:42:15,500 | INFO | Loss:            Label Smoothing (α=0.1)
2026-04-19 00:42:15,500 | INFO | Grad clip:       1.0
2026-04-19 00:42:15,500 | INFO | 
============================================================
2026-04-19 00:42:15,500 | INFO | STEP 4: TRAINING
2026-04-19 00:42:15,500 | INFO | ============================================================
2026-04-19 00:42:15,504 | INFO | 
============================================================
EPOCH 1/15
============================================================
2026-04-19 00:42:48,820 | INFO | [Monitor step=100] temp=53C | gpu=98% | vram=4.8GB | clock=2925MHz (100%) | ram=12.4/16.8GB (74%) | it/s=4.51
2026-04-19 00:43:11,141 | INFO | [Monitor step=200] temp=55C | gpu=99% | vram=4.8GB | clock=2917MHz (100%) | ram=12.4/16.8GB (74%) | it/s=4.51
2026-04-19 00:43:33,421 | INFO | [Monitor step=300] temp=56C | gpu=98% | vram=4.8GB | clock=2917MHz (100%) | ram=12.4/16.8GB (74%) | it/s=4.51
2026-04-19 00:43:55,702 | INFO | [Monitor step=400] temp=57C | gpu=100% | vram=4.8GB | clock=2917MHz (100%) | ram=12.4/16.8GB (74%) | it/s=4.51
2026-04-19 00:44:17,981 | INFO | [Monitor step=500] temp=58C | gpu=100% | vram=4.8GB | clock=2917MHz (100%) | ram=12.4/16.8GB (74%) | it/s=4.51
2026-04-19 00:44:40,263 | INFO | [Monitor step=600] temp=58C | gpu=100% | vram=4.7GB | clock=2917MHz (100%) | ram=12.3/16.8GB (73%) | it/s=4.51
2026-04-19 00:45:02,547 | INFO | [Monitor step=700] temp=58C | gpu=99% | vram=4.7GB | clock=2917MHz (100%) | ram=12.4/16.8GB (74%) | it/s=4.51
2026-04-19 00:45:24,877 | INFO | [Monitor step=800] temp=58C | gpu=98% | vram=4.7GB | clock=2917MHz (100%) | ram=12.2/16.8GB (73%) | it/s=4.50
2026-04-19 00:45:47,198 | INFO | [Monitor step=900] temp=60C | gpu=99% | vram=4.7GB | clock=2917MHz (100%) | ram=12.2/16.8GB (73%) | it/s=4.51
2026-04-19 00:46:09,499 | INFO | [Monitor step=1000] temp=59C | gpu=100% | vram=4.7GB | clock=2917MHz (100%) | ram=12.2/16.8GB (73%) | it/s=4.51
2026-04-19 00:46:31,784 | INFO | [Monitor step=1100] temp=59C | gpu=100% | vram=4.7GB | clock=2917MHz (100%) | ram=12.2/16.8GB (73%) | it/s=4.51
2026-04-19 00:46:54,065 | INFO | [Monitor step=1200] temp=60C | gpu=99% | vram=4.7GB | clock=2917MHz (100%) | ram=12.2/16.8GB (73%) | it/s=4.51
2026-04-19 00:47:16,357 | INFO | [Monitor step=1300] temp=60C | gpu=99% | vram=4.7GB | clock=2917MHz (100%) | ram=12.3/16.8GB (73%) | it/s=4.52
2026-04-19 00:47:38,636 | INFO | [Monitor step=1400] temp=60C | gpu=98% | vram=4.7GB | clock=2917MHz (100%) | ram=11.7/16.8GB (70%) | it/s=4.54
2026-04-19 00:48:00,924 | INFO | [Monitor step=1500] temp=60C | gpu=98% | vram=4.7GB | clock=2917MHz (100%) | ram=11.8/16.8GB (71%) | it/s=4.49
2026-04-19 00:48:23,212 | INFO | [Monitor step=1600] temp=60C | gpu=100% | vram=4.7GB | clock=2917MHz (100%) | ram=11.6/16.8GB (69%) | it/s=4.51
2026-04-19 00:48:45,492 | INFO | [Monitor step=1700] temp=60C | gpu=100% | vram=4.7GB | clock=2917MHz (100%) | ram=11.6/16.8GB (69%) | it/s=4.51
2026-04-19 00:49:07,754 | INFO | [Monitor step=1800] temp=61C | gpu=100% | vram=4.7GB | clock=2917MHz (100%) | ram=11.6/16.8GB (70%) | it/s=4.51
2026-04-19 00:49:30,035 | INFO | [Monitor step=1900] temp=61C | gpu=100% | vram=4.7GB | clock=2917MHz (100%) | ram=11.6/16.8GB (69%) | it/s=4.51
2026-04-19 00:49:52,314 | INFO | [Monitor step=2000] temp=60C | gpu=100% | vram=4.7GB | clock=2917MHz (100%) | ram=11.6/16.8GB (70%) | it/s=4.51
2026-04-19 00:50:14,597 | INFO | [Monitor step=2100] temp=60C | gpu=100% | vram=4.7GB | clock=2917MHz (100%) | ram=11.6/16.8GB (70%) | it/s=4.51
2026-04-19 00:50:36,877 | INFO | [Monitor step=2200] temp=60C | gpu=100% | vram=4.7GB | clock=2917MHz (100%) | ram=11.6/16.8GB (70%) | it/s=4.51
2026-04-19 00:50:59,154 | INFO | [Monitor step=2300] temp=60C | gpu=99% | vram=4.7GB | clock=2917MHz (100%) | ram=11.7/16.8GB (70%) | it/s=4.51
2026-04-19 00:51:21,429 | INFO | [Monitor step=2400] temp=61C | gpu=99% | vram=4.7GB | clock=2917MHz (100%) | ram=11.7/16.8GB (70%) | it/s=4.51
2026-04-19 00:51:43,707 | INFO | [Monitor step=2500] temp=61C | gpu=99% | vram=4.7GB | clock=2917MHz (100%) | ram=11.7/16.8GB (70%) | it/s=4.51
2026-04-19 00:52:05,979 | INFO | [Monitor step=2600] temp=61C | gpu=99% | vram=4.7GB | clock=2917MHz (100%) | ram=11.7/16.8GB (70%) | it/s=4.52
2026-04-19 00:52:28,233 | INFO | [Monitor step=2700] temp=61C | gpu=97% | vram=4.7GB | clock=2917MHz (100%) | ram=11.7/16.8GB (70%) | it/s=4.51
2026-04-19 00:52:50,508 | INFO | [Monitor step=2800] temp=61C | gpu=98% | vram=4.7GB | clock=2917MHz (100%) | ram=11.7/16.8GB (70%) | it/s=4.52
2026-04-19 00:53:12,779 | INFO | [Monitor step=2900] temp=61C | gpu=98% | vram=4.7GB | clock=2917MHz (100%) | ram=11.7/16.8GB (70%) | it/s=4.51
2026-04-19 00:53:35,051 | INFO | [Monitor step=3000] temp=61C | gpu=99% | vram=4.7GB | clock=2917MHz (100%) | ram=11.7/16.8GB (70%) | it/s=4.52
2026-04-19 00:53:57,325 | INFO | [Monitor step=3100] temp=61C | gpu=100% | vram=4.7GB | clock=2917MHz (100%) | ram=11.7/16.8GB (70%) | it/s=4.51
2026-04-19 00:54:19,596 | INFO | [Monitor step=3200] temp=61C | gpu=99% | vram=4.7GB | clock=2917MHz (100%) | ram=11.7/16.8GB (70%) | it/s=4.52
2026-04-19 00:54:41,865 | INFO | [Monitor step=3300] temp=61C | gpu=100% | vram=4.7GB | clock=2917MHz (100%) | ram=11.7/16.8GB (70%) | it/s=4.51
2026-04-19 00:55:04,138 | INFO | [Monitor step=3400] temp=61C | gpu=100% | vram=4.7GB | clock=2917MHz (100%) | ram=11.8/16.8GB (70%) | it/s=4.51
2026-04-19 00:55:26,407 | INFO | [Monitor step=3500] temp=62C | gpu=100% | vram=4.7GB | clock=2917MHz (100%) | ram=11.8/16.8GB (70%) | it/s=4.52
2026-04-19 00:55:48,678 | INFO | [Monitor step=3600] temp=61C | gpu=99% | vram=4.7GB | clock=2917MHz (100%) | ram=11.8/16.8GB (70%) | it/s=4.51
2026-04-19 00:56:10,952 | INFO | [Monitor step=3700] temp=62C | gpu=99% | vram=4.7GB | clock=2917MHz (100%) | ram=11.7/16.8GB (70%) | it/s=4.51
2026-04-19 00:56:33,222 | INFO | [Monitor step=3800] temp=60C | gpu=98% | vram=4.7GB | clock=2917MHz (100%) | ram=11.7/16.8GB (70%) | it/s=4.52
2026-04-19 00:56:55,490 | INFO | [Monitor step=3900] temp=61C | gpu=99% | vram=4.7GB | clock=2917MHz (100%) | ram=11.7/16.8GB (70%) | it/s=4.51
2026-04-19 00:57:17,766 | INFO | [Monitor step=4000] temp=62C | gpu=99% | vram=4.7GB | clock=2917MHz (100%) | ram=11.7/16.8GB (70%) | it/s=4.51
2026-04-19 00:57:40,033 | INFO | [Monitor step=4100] temp=62C | gpu=98% | vram=4.7GB | clock=2917MHz (100%) | ram=11.7/16.8GB (70%) | it/s=4.51
2026-04-19 00:58:02,308 | INFO | [Monitor step=4200] temp=60C | gpu=99% | vram=4.7GB | clock=2917MHz (100%) | ram=11.8/16.8GB (70%) | it/s=4.51
2026-04-19 00:58:24,580 | INFO | [Monitor step=4300] temp=61C | gpu=99% | vram=4.7GB | clock=2917MHz (100%) | ram=11.7/16.8GB (70%) | it/s=4.51
2026-04-19 00:58:46,875 | INFO | [Monitor step=4400] temp=61C | gpu=100% | vram=4.7GB | clock=2917MHz (100%) | ram=11.8/16.8GB (70%) | it/s=4.52
2026-04-19 00:59:09,150 | INFO | [Monitor step=4500] temp=62C | gpu=100% | vram=4.7GB | clock=2917MHz (100%) | ram=11.8/16.8GB (70%) | it/s=4.51
2026-04-19 00:59:31,422 | INFO | [Monitor step=4600] temp=62C | gpu=99% | vram=4.7GB | clock=2917MHz (100%) | ram=11.8/16.8GB (70%) | it/s=4.51
2026-04-19 00:59:53,695 | INFO | [Monitor step=4700] temp=61C | gpu=99% | vram=4.7GB | clock=2917MHz (100%) | ram=11.8/16.8GB (70%) | it/s=4.51
2026-04-19 01:00:15,963 | INFO | [Monitor step=4800] temp=61C | gpu=99% | vram=4.7GB | clock=2917MHz (100%) | ram=11.8/16.8GB (70%) | it/s=4.51
2026-04-19 01:00:38,236 | INFO | [Monitor step=4900] temp=61C | gpu=98% | vram=4.7GB | clock=2917MHz (100%) | ram=11.8/16.8GB (70%) | it/s=4.52
2026-04-19 01:01:00,507 | INFO | [Monitor step=5000] temp=61C | gpu=98% | vram=4.7GB | clock=2917MHz (100%) | ram=11.8/16.8GB (70%) | it/s=4.51
2026-04-19 01:01:22,782 | INFO | [Monitor step=5100] temp=62C | gpu=99% | vram=4.7GB | clock=2917MHz (100%) | ram=11.8/16.8GB (70%) | it/s=4.51
2026-04-19 01:01:45,053 | INFO | [Monitor step=5200] temp=62C | gpu=98% | vram=4.7GB | clock=2917MHz (100%) | ram=11.8/16.8GB (70%) | it/s=4.52
2026-04-19 01:02:07,326 | INFO | [Monitor step=5300] temp=59C | gpu=99% | vram=4.7GB | clock=2917MHz (100%) | ram=11.7/16.8GB (70%) | it/s=4.52
2026-04-19 01:02:29,580 | INFO | [Monitor step=5400] temp=61C | gpu=99% | vram=4.7GB | clock=2917MHz (100%) | ram=11.7/16.8GB (70%) | it/s=4.52
2026-04-19 01:02:51,861 | INFO | [Monitor step=5500] temp=62C | gpu=100% | vram=4.7GB | clock=2917MHz (100%) | ram=12.0/16.8GB (72%) | it/s=4.51
2026-04-19 01:03:14,150 | INFO | [Monitor step=5600] temp=62C | gpu=100% | vram=4.7GB | clock=2917MHz (100%) | ram=12.0/16.8GB (72%) | it/s=4.51
2026-04-19 01:03:36,432 | INFO | [Monitor step=5700] temp=62C | gpu=99% | vram=4.7GB | clock=2917MHz (100%) | ram=11.9/16.8GB (71%) | it/s=4.51
2026-04-19 01:03:58,707 | INFO | [Monitor step=5800] temp=59C | gpu=99% | vram=4.7GB | clock=2917MHz (100%) | ram=11.8/16.8GB (71%) | it/s=4.51
2026-04-19 01:04:20,981 | INFO | [Monitor step=5900] temp=58C | gpu=99% | vram=4.7GB | clock=2917MHz (100%) | ram=11.8/16.8GB (71%) | it/s=4.51
2026-04-19 01:04:43,264 | INFO | [Monitor step=6000] temp=61C | gpu=97% | vram=4.7GB | clock=2917MHz (100%) | ram=12.1/16.8GB (72%) | it/s=4.48
2026-04-19 01:05:05,526 | INFO | [Monitor step=6100] temp=62C | gpu=98% | vram=4.7GB | clock=2917MHz (100%) | ram=11.8/16.8GB (70%) | it/s=4.52
2026-04-19 01:05:27,797 | INFO | [Monitor step=6200] temp=62C | gpu=99% | vram=4.7GB | clock=2917MHz (100%) | ram=11.8/16.8GB (70%) | it/s=4.51
2026-04-19 01:05:50,065 | INFO | [Monitor step=6300] temp=62C | gpu=98% | vram=4.7GB | clock=2917MHz (100%) | ram=11.8/16.8GB (70%) | it/s=4.51
2026-04-19 01:06:12,340 | INFO | [Monitor step=6400] temp=62C | gpu=99% | vram=4.7GB | clock=2917MHz (100%) | ram=11.8/16.8GB (70%) | it/s=4.51
2026-04-19 01:06:34,641 | INFO | [Monitor step=6500] temp=61C | gpu=98% | vram=4.7GB | clock=2917MHz (100%) | ram=11.8/16.8GB (70%) | it/s=4.52
2026-04-19 01:06:56,903 | INFO | [Monitor step=6600] temp=62C | gpu=99% | vram=4.7GB | clock=2917MHz (100%) | ram=11.8/16.8GB (70%) | it/s=4.52
2026-04-19 01:07:19,181 | INFO | [Monitor step=6700] temp=62C | gpu=99% | vram=4.7GB | clock=2917MHz (100%) | ram=11.8/16.8GB (70%) | it/s=4.51
2026-04-19 01:07:41,451 | INFO | [Monitor step=6800] temp=61C | gpu=100% | vram=4.7GB | clock=2917MHz (100%) | ram=11.8/16.8GB (70%) | it/s=4.51
2026-04-19 01:08:03,725 | INFO | [Monitor step=6900] temp=60C | gpu=99% | vram=4.7GB | clock=2917MHz (100%) | ram=11.8/16.8GB (71%) | it/s=4.51
2026-04-19 01:08:25,994 | INFO | [Monitor step=7000] temp=62C | gpu=100% | vram=4.7GB | clock=2917MHz (100%) | ram=11.8/16.8GB (71%) | it/s=4.51
2026-04-19 01:08:48,269 | INFO | [Monitor step=7100] temp=62C | gpu=100% | vram=4.7GB | clock=2917MHz (100%) | ram=11.9/16.8GB (71%) | it/s=4.51
2026-04-19 01:09:10,543 | INFO | [Monitor step=7200] temp=62C | gpu=100% | vram=4.7GB | clock=2917MHz (100%) | ram=11.9/16.8GB (71%) | it/s=4.51
2026-04-19 01:09:32,826 | INFO | [Monitor step=7300] temp=61C | gpu=99% | vram=4.7GB | clock=2917MHz (100%) | ram=11.9/16.8GB (71%) | it/s=4.51
2026-04-19 01:09:55,099 | INFO | [Monitor step=7400] temp=62C | gpu=99% | vram=4.7GB | clock=2917MHz (100%) | ram=11.9/16.8GB (71%) | it/s=4.51
2026-04-19 01:10:17,373 | INFO | [Monitor step=7500] temp=62C | gpu=98% | vram=4.7GB | clock=2917MHz (100%) | ram=11.9/16.8GB (71%) | it/s=4.52
2026-04-19 01:10:39,644 | INFO | [Monitor step=7600] temp=62C | gpu=98% | vram=4.7GB | clock=2917MHz (100%) | ram=11.9/16.8GB (71%) | it/s=4.51
2026-04-19 01:11:01,915 | INFO | [Monitor step=7700] temp=62C | gpu=99% | vram=4.7GB | clock=2917MHz (100%) | ram=11.9/16.8GB (71%) | it/s=4.51
2026-04-19 01:11:24,190 | INFO | [Monitor step=7800] temp=62C | gpu=99% | vram=4.7GB | clock=2917MHz (100%) | ram=11.9/16.8GB (71%) | it/s=4.51
2026-04-19 01:11:46,466 | INFO | [Monitor step=7900] temp=62C | gpu=98% | vram=4.7GB | clock=2917MHz (100%) | ram=11.9/16.8GB (71%) | it/s=4.51
2026-04-19 01:12:08,745 | INFO | [Monitor step=8000] temp=62C | gpu=97% | vram=4.7GB | clock=2917MHz (100%) | ram=11.9/16.8GB (71%) | it/s=4.51
2026-04-19 01:12:30,996 | INFO | [Monitor step=8100] temp=62C | gpu=98% | vram=4.7GB | clock=2917MHz (100%) | ram=11.9/16.8GB (71%) | it/s=4.51
2026-04-19 01:12:53,267 | INFO | [Monitor step=8200] temp=62C | gpu=98% | vram=4.7GB | clock=2917MHz (100%) | ram=11.9/16.8GB (71%) | it/s=4.51
2026-04-19 01:13:15,544 | INFO | [Monitor step=8300] temp=60C | gpu=98% | vram=4.7GB | clock=2917MHz (100%) | ram=11.9/16.8GB (71%) | it/s=4.51
2026-04-19 01:13:37,819 | INFO | [Monitor step=8400] temp=59C | gpu=98% | vram=4.7GB | clock=2917MHz (100%) | ram=11.9/16.8GB (71%) | it/s=4.51
2026-04-19 01:14:00,091 | INFO | [Monitor step=8500] temp=62C | gpu=100% | vram=4.7GB | clock=2917MHz (100%) | ram=11.9/16.8GB (71%) | it/s=4.51
2026-04-19 01:14:22,366 | INFO | [Monitor step=8600] temp=62C | gpu=100% | vram=4.7GB | clock=2917MHz (100%) | ram=11.9/16.8GB (71%) | it/s=4.51
2026-04-19 01:14:44,636 | INFO | [Monitor step=8700] temp=62C | gpu=100% | vram=4.7GB | clock=2917MHz (100%) | ram=11.9/16.8GB (71%) | it/s=4.51
2026-04-19 01:15:06,911 | INFO | [Monitor step=8800] temp=62C | gpu=99% | vram=4.7GB | clock=2917MHz (100%) | ram=12.0/16.8GB (71%) | it/s=4.52
2026-04-19 01:15:29,184 | INFO | [Monitor step=8900] temp=62C | gpu=99% | vram=4.7GB | clock=2917MHz (100%) | ram=12.0/16.8GB (71%) | it/s=4.51
2026-04-19 01:15:51,460 | INFO | [Monitor step=9000] temp=62C | gpu=98% | vram=4.7GB | clock=2917MHz (100%) | ram=12.0/16.8GB (71%) | it/s=4.52
2026-04-19 01:16:13,734 | INFO | [Monitor step=9100] temp=62C | gpu=99% | vram=4.7GB | clock=2917MHz (100%) | ram=12.0/16.8GB (71%) | it/s=4.51
2026-04-19 01:16:36,014 | INFO | [Monitor step=9200] temp=62C | gpu=98% | vram=4.7GB | clock=2917MHz (100%) | ram=12.0/16.8GB (71%) | it/s=4.52
2026-04-19 01:16:58,287 | INFO | [Monitor step=9300] temp=62C | gpu=98% | vram=4.7GB | clock=2917MHz (100%) | ram=12.0/16.8GB (72%) | it/s=4.52
2026-04-19 01:17:20,562 | INFO | [Monitor step=9400] temp=61C | gpu=98% | vram=4.7GB | clock=2917MHz (100%) | ram=12.0/16.8GB (72%) | it/s=4.51
2026-04-19 01:17:42,839 | INFO | [Monitor step=9500] temp=60C | gpu=98% | vram=4.7GB | clock=2917MHz (100%) | ram=12.0/16.8GB (72%) | it/s=4.51
2026-04-19 01:17:53,969 | INFO | Epoch 1 complete: train_loss=0.3549 | train_acc=97.48% | avg=4.51 it/s | time=35.6min
2026-04-19 01:17:54,252 | INFO |   Running validation...
2026-04-19 01:18:53,672 | INFO |   Val Accuracy:  99.08%
2026-04-19 01:18:53,672 | INFO |   Val F1:        99.08%
2026-04-19 01:18:53,673 | INFO |   Val Precision: 99.08%
2026-04-19 01:18:53,673 | INFO |   Val Recall:    99.08%
2026-04-19 01:18:53,673 | INFO |   Val Loss:      0.3374
2026-04-19 01:18:53,673 | INFO |   Train-Val Gap: -1.60%
2026-04-19 01:18:59,444 | INFO |   Checkpoint saved: ./models/vit-base-mrl-augmented-2\best_model
2026-04-19 01:18:59,444 | INFO |   New best: 99.08%
2026-04-19 01:18:59,446 | INFO | 
============================================================
EPOCH 2/15
============================================================
2026-04-19 01:19:10,860 | INFO | [Monitor step=9600] temp=60C | gpu=100% | vram=4.8GB | clock=2917MHz (100%) | ram=12.7/16.8GB (76%) | it/s=4.52
2026-04-19 01:19:33,129 | INFO | [Monitor step=9700] temp=61C | gpu=99% | vram=4.8GB | clock=2917MHz (100%) | ram=12.6/16.8GB (75%) | it/s=4.51
2026-04-19 01:19:55,397 | INFO | [Monitor step=9800] temp=61C | gpu=100% | vram=4.8GB | clock=2917MHz (100%) | ram=12.6/16.8GB (75%) | it/s=4.52
2026-04-19 01:20:17,669 | INFO | [Monitor step=9900] temp=62C | gpu=99% | vram=4.8GB | clock=2917MHz (100%) | ram=12.6/16.8GB (75%) | it/s=4.51
2026-04-19 01:20:39,933 | INFO | [Monitor step=10000] temp=61C | gpu=99% | vram=4.8GB | clock=2917MHz (100%) | ram=12.6/16.8GB (75%) | it/s=4.51
2026-04-19 01:21:02,203 | INFO | [Monitor step=10100] temp=62C | gpu=99% | vram=4.8GB | clock=2917MHz (100%) | ram=12.6/16.8GB (75%) | it/s=4.51
2026-04-19 01:21:24,474 | INFO | [Monitor step=10200] temp=62C | gpu=99% | vram=4.8GB | clock=2917MHz (100%) | ram=12.6/16.8GB (75%) | it/s=4.51
2026-04-19 01:21:46,742 | INFO | [Monitor step=10300] temp=62C | gpu=99% | vram=4.8GB | clock=2917MHz (100%) | ram=12.6/16.8GB (75%) | it/s=4.51
2026-04-19 01:22:09,014 | INFO | [Monitor step=10400] temp=62C | gpu=98% | vram=4.8GB | clock=2917MHz (100%) | ram=12.6/16.8GB (76%) | it/s=4.52
2026-04-19 01:22:31,260 | INFO | [Monitor step=10500] temp=61C | gpu=98% | vram=4.8GB | clock=2917MHz (100%) | ram=12.6/16.8GB (76%) | it/s=4.51
2026-04-19 01:22:53,533 | INFO | [Monitor step=10600] temp=62C | gpu=99% | vram=4.8GB | clock=2917MHz (100%) | ram=12.7/16.8GB (76%) | it/s=4.52
2026-04-19 01:23:15,810 | INFO | [Monitor step=10700] temp=61C | gpu=99% | vram=4.8GB | clock=2917MHz (100%) | ram=12.5/16.8GB (75%) | it/s=4.51
2026-04-19 01:23:38,078 | INFO | [Monitor step=10800] temp=62C | gpu=99% | vram=4.8GB | clock=2917MHz (100%) | ram=12.5/16.8GB (75%) | it/s=4.51
2026-04-19 01:24:00,355 | INFO | [Monitor step=10900] temp=61C | gpu=99% | vram=4.8GB | clock=2917MHz (100%) | ram=12.6/16.8GB (75%) | it/s=4.51
2026-04-19 01:24:22,634 | INFO | [Monitor step=11000] temp=62C | gpu=99% | vram=4.8GB | clock=2917MHz (100%) | ram=12.6/16.8GB (75%) | it/s=4.51
2026-04-19 01:24:44,914 | INFO | [Monitor step=11100] temp=62C | gpu=98% | vram=4.8GB | clock=2917MHz (100%) | ram=12.6/16.8GB (75%) | it/s=4.51
2026-04-19 01:25:07,193 | INFO | [Monitor step=11200] temp=62C | gpu=100% | vram=4.8GB | clock=2917MHz (100%) | ram=12.6/16.8GB (75%) | it/s=4.51
2026-04-19 01:25:29,470 | INFO | [Monitor step=11300] temp=63C | gpu=100% | vram=4.8GB | clock=2917MHz (100%) | ram=12.6/16.8GB (75%) | it/s=4.51
2026-04-19 01:25:51,749 | INFO | [Monitor step=11400] temp=62C | gpu=100% | vram=4.8GB | clock=2917MHz (100%) | ram=12.6/16.8GB (75%) | it/s=4.51
2026-04-19 01:26:14,028 | INFO | [Monitor step=11500] temp=63C | gpu=99% | vram=4.8GB | clock=2917MHz (100%) | ram=12.6/16.8GB (75%) | it/s=4.51
2026-04-19 01:26:36,308 | INFO | [Monitor step=11600] temp=62C | gpu=99% | vram=4.8GB | clock=2917MHz (100%) | ram=12.6/16.8GB (75%) | it/s=4.52
2026-04-19 01:26:58,588 | INFO | [Monitor step=11700] temp=62C | gpu=99% | vram=4.8GB | clock=2917MHz (100%) | ram=12.6/16.8GB (75%) | it/s=4.51
2026-04-19 01:27:20,870 | INFO | [Monitor step=11800] temp=62C | gpu=99% | vram=4.8GB | clock=2917MHz (100%) | ram=12.6/16.8GB (76%) | it/s=4.51
2026-04-19 01:27:43,146 | INFO | [Monitor step=11900] temp=62C | gpu=98% | vram=4.8GB | clock=2917MHz (100%) | ram=12.7/16.8GB (76%) | it/s=4.51
2026-04-19 01:28:05,431 | INFO | [Monitor step=12000] temp=62C | gpu=99% | vram=4.8GB | clock=2917MHz (100%) | ram=12.7/16.8GB (76%) | it/s=4.51
2026-04-19 01:28:27,717 | INFO | [Monitor step=12100] temp=63C | gpu=100% | vram=4.8GB | clock=2917MHz (100%) | ram=12.7/16.8GB (76%) | it/s=4.51
2026-04-19 01:28:49,998 | INFO | [Monitor step=12200] temp=61C | gpu=100% | vram=4.8GB | clock=2917MHz (100%) | ram=12.7/16.8GB (76%) | it/s=4.52
2026-04-19 01:29:12,278 | INFO | [Monitor step=12300] temp=62C | gpu=100% | vram=4.8GB | clock=2917MHz (100%) | ram=12.7/16.8GB (76%) | it/s=4.51
2026-04-19 01:29:34,552 | INFO | [Monitor step=12400] temp=62C | gpu=99% | vram=4.8GB | clock=2917MHz (100%) | ram=12.7/16.8GB (76%) | it/s=4.51
2026-04-19 01:29:56,827 | INFO | [Monitor step=12500] temp=62C | gpu=99% | vram=4.8GB | clock=2917MHz (100%) | ram=12.5/16.8GB (75%) | it/s=4.51
2026-04-19 01:30:19,105 | INFO | [Monitor step=12600] temp=61C | gpu=98% | vram=4.8GB | clock=2917MHz (100%) | ram=12.6/16.8GB (75%) | it/s=4.51
2026-04-19 01:30:41,382 | INFO | [Monitor step=12700] temp=61C | gpu=98% | vram=4.8GB | clock=2917MHz (100%) | ram=12.6/16.8GB (75%) | it/s=4.51
2026-04-19 01:31:03,653 | INFO | [Monitor step=12800] temp=62C | gpu=98% | vram=4.8GB | clock=2917MHz (100%) | ram=12.6/16.8GB (75%) | it/s=4.51
2026-04-19 01:31:25,928 | INFO | [Monitor step=12900] temp=62C | gpu=98% | vram=4.8GB | clock=2917MHz (100%) | ram=12.6/16.8GB (75%) | it/s=4.52
2026-04-19 01:31:48,180 | INFO | [Monitor step=13000] temp=61C | gpu=99% | vram=4.8GB | clock=2917MHz (100%) | ram=12.7/16.8GB (76%) | it/s=4.51
2026-04-19 01:32:10,459 | INFO | [Monitor step=13100] temp=61C | gpu=98% | vram=4.8GB | clock=2917MHz (100%) | ram=12.7/16.8GB (76%) | it/s=4.51
2026-04-19 01:32:32,717 | INFO | [Monitor step=13200] temp=63C | gpu=100% | vram=4.8GB | clock=2917MHz (100%) | ram=12.7/16.8GB (76%) | it/s=4.51
2026-04-19 01:32:54,995 | INFO | [Monitor step=13300] temp=62C | gpu=100% | vram=4.8GB | clock=2917MHz (100%) | ram=12.7/16.8GB (76%) | it/s=4.51
2026-04-19 01:33:17,278 | INFO | [Monitor step=13400] temp=62C | gpu=99% | vram=4.8GB | clock=2917MHz (100%) | ram=12.7/16.8GB (76%) | it/s=4.51
2026-04-19 01:33:39,560 | INFO | [Monitor step=13500] temp=63C | gpu=99% | vram=4.8GB | clock=2917MHz (100%) | ram=12.6/16.8GB (75%) | it/s=4.51
2026-04-19 01:34:01,830 | INFO | [Monitor step=13600] temp=62C | gpu=99% | vram=4.8GB | clock=2917MHz (100%) | ram=12.6/16.8GB (75%) | it/s=4.51
2026-04-19 01:34:24,101 | INFO | [Monitor step=13700] temp=62C | gpu=99% | vram=4.8GB | clock=2917MHz (100%) | ram=12.7/16.8GB (76%) | it/s=4.51
2026-04-19 01:34:46,374 | INFO | [Monitor step=13800] temp=62C | gpu=99% | vram=4.8GB | clock=2917MHz (100%) | ram=12.7/16.8GB (76%) | it/s=4.52
2026-04-19 01:35:08,652 | INFO | [Monitor step=13900] temp=62C | gpu=98% | vram=4.8GB | clock=2917MHz (100%) | ram=12.7/16.8GB (76%) | it/s=4.51
2026-04-19 01:35:30,923 | INFO | [Monitor step=14000] temp=62C | gpu=99% | vram=4.8GB | clock=2917MHz (100%) | ram=12.7/16.8GB (76%) | it/s=4.51
2026-04-19 01:35:53,199 | INFO | [Monitor step=14100] temp=61C | gpu=99% | vram=4.8GB | clock=2917MHz (100%) | ram=12.7/16.8GB (76%) | it/s=4.51
2026-04-19 01:36:15,471 | INFO | [Monitor step=14200] temp=62C | gpu=99% | vram=4.8GB | clock=2917MHz (100%) | ram=12.7/16.8GB (76%) | it/s=4.51
2026-04-19 01:36:37,740 | INFO | [Monitor step=14300] temp=62C | gpu=98% | vram=4.8GB | clock=2917MHz (100%) | ram=12.7/16.8GB (76%) | it/s=4.52
2026-04-19 01:37:00,016 | INFO | [Monitor step=14400] temp=62C | gpu=98% | vram=4.8GB | clock=2917MHz (100%) | ram=12.7/16.8GB (76%) | it/s=4.52
2026-04-19 01:37:22,289 | INFO | [Monitor step=14500] temp=62C | gpu=99% | vram=4.8GB | clock=2917MHz (100%) | ram=12.7/16.8GB (76%) | it/s=4.51
2026-04-19 01:37:44,567 | INFO | [Monitor step=14600] temp=62C | gpu=99% | vram=4.8GB | clock=2917MHz (100%) | ram=12.8/16.8GB (76%) | it/s=4.51
2026-04-19 01:38:06,846 | INFO | [Monitor step=14700] temp=62C | gpu=100% | vram=4.8GB | clock=2917MHz (100%) | ram=12.6/16.8GB (75%) | it/s=4.51
2026-04-19 01:38:29,123 | INFO | [Monitor step=14800] temp=62C | gpu=100% | vram=4.8GB | clock=2917MHz (100%) | ram=12.6/16.8GB (75%) | it/s=4.51
2026-04-19 01:38:51,400 | INFO | [Monitor step=14900] temp=62C | gpu=100% | vram=4.8GB | clock=2917MHz (100%) | ram=12.6/16.8GB (75%) | it/s=4.51
2026-04-19 01:39:13,677 | INFO | [Monitor step=15000] temp=62C | gpu=99% | vram=4.8GB | clock=2917MHz (100%) | ram=12.6/16.8GB (75%) | it/s=4.51
2026-04-19 01:39:35,954 | INFO | [Monitor step=15100] temp=62C | gpu=99% | vram=4.8GB | clock=2917MHz (100%) | ram=12.6/16.8GB (75%) | it/s=4.51
2026-04-19 01:39:58,233 | INFO | [Monitor step=15200] temp=62C | gpu=98% | vram=4.8GB | clock=2917MHz (100%) | ram=12.6/16.8GB (75%) | it/s=4.51
2026-04-19 01:40:20,507 | INFO | [Monitor step=15300] temp=62C | gpu=97% | vram=4.8GB | clock=2917MHz (100%) | ram=12.6/16.8GB (75%) | it/s=4.52
2026-04-19 01:40:42,782 | INFO | [Monitor step=15400] temp=61C | gpu=99% | vram=4.8GB | clock=2917MHz (100%) | ram=12.6/16.8GB (75%) | it/s=4.51
2026-04-19 01:41:05,052 | INFO | [Monitor step=15500] temp=62C | gpu=99% | vram=4.8GB | clock=2917MHz (100%) | ram=12.6/16.8GB (75%) | it/s=4.52
2026-04-19 01:41:27,324 | INFO | [Monitor step=15600] temp=61C | gpu=99% | vram=4.8GB | clock=2917MHz (100%) | ram=12.6/16.8GB (75%) | it/s=4.52
2026-04-19 01:41:49,602 | INFO | [Monitor step=15700] temp=62C | gpu=99% | vram=4.8GB | clock=2917MHz (100%) | ram=12.7/16.8GB (76%) | it/s=4.51
2026-04-19 01:42:11,879 | INFO | [Monitor step=15800] temp=62C | gpu=99% | vram=4.8GB | clock=2917MHz (100%) | ram=12.7/16.8GB (76%) | it/s=4.51
2026-04-19 01:42:34,132 | INFO | [Monitor step=15900] temp=62C | gpu=100% | vram=4.8GB | clock=2917MHz (100%) | ram=12.7/16.8GB (76%) | it/s=4.51
2026-04-19 01:42:56,407 | INFO | [Monitor step=16000] temp=62C | gpu=99% | vram=4.8GB | clock=2917MHz (100%) | ram=12.7/16.8GB (76%) | it/s=4.51
2026-04-19 01:43:18,681 | INFO | [Monitor step=16100] temp=62C | gpu=99% | vram=4.8GB | clock=2917MHz (100%) | ram=12.7/16.8GB (76%) | it/s=4.51
2026-04-19 01:43:40,956 | INFO | [Monitor step=16200] temp=62C | gpu=99% | vram=4.8GB | clock=2917MHz (100%) | ram=12.7/16.8GB (76%) | it/s=4.51
2026-04-19 01:44:03,215 | INFO | [Monitor step=16300] temp=62C | gpu=99% | vram=4.8GB | clock=2917MHz (100%) | ram=12.7/16.8GB (76%) | it/s=4.56
2026-04-19 01:44:25,484 | INFO | [Monitor step=16400] temp=61C | gpu=99% | vram=4.8GB | clock=2917MHz (100%) | ram=12.7/16.8GB (76%) | it/s=4.51
2026-04-19 01:44:47,755 | INFO | [Monitor step=16500] temp=62C | gpu=98% | vram=4.8GB | clock=2917MHz (100%) | ram=12.7/16.8GB (76%) | it/s=4.51
2026-04-19 01:45:10,029 | INFO | [Monitor step=16600] temp=62C | gpu=98% | vram=4.8GB | clock=2917MHz (100%) | ram=12.8/16.8GB (76%) | it/s=4.52
2026-04-19 01:45:32,305 | INFO | [Monitor step=16700] temp=61C | gpu=99% | vram=4.8GB | clock=2917MHz (100%) | ram=12.6/16.8GB (75%) | it/s=4.51
2026-04-19 01:45:54,580 | INFO | [Monitor step=16800] temp=61C | gpu=98% | vram=4.8GB | clock=2917MHz (100%) | ram=12.6/16.8GB (75%) | it/s=4.51
2026-04-19 01:46:16,854 | INFO | [Monitor step=16900] temp=62C | gpu=100% | vram=4.8GB | clock=2917MHz (100%) | ram=12.6/16.8GB (75%) | it/s=4.51
2026-04-19 01:46:39,125 | INFO | [Monitor step=17000] temp=62C | gpu=100% | vram=4.8GB | clock=2917MHz (100%) | ram=12.6/16.8GB (75%) | it/s=4.52
2026-04-19 01:47:01,400 | INFO | [Monitor step=17100] temp=61C | gpu=99% | vram=4.8GB | clock=2917MHz (100%) | ram=12.6/16.8GB (76%) | it/s=4.51
2026-04-19 01:47:23,676 | INFO | [Monitor step=17200] temp=61C | gpu=99% | vram=4.8GB | clock=2917MHz (100%) | ram=12.7/16.8GB (76%) | it/s=4.50
2026-04-19 01:47:45,954 | INFO | [Monitor step=17300] temp=61C | gpu=99% | vram=4.8GB | clock=2917MHz (100%) | ram=12.7/16.8GB (76%) | it/s=4.51
2026-04-19 01:48:08,231 | INFO | [Monitor step=17400] temp=62C | gpu=100% | vram=4.8GB | clock=2917MHz (100%) | ram=12.8/16.8GB (76%) | it/s=4.51
2026-04-19 01:48:30,512 | INFO | [Monitor step=17500] temp=62C | gpu=100% | vram=4.8GB | clock=2917MHz (100%) | ram=12.7/16.8GB (76%) | it/s=4.51
2026-04-19 01:48:52,788 | INFO | [Monitor step=17600] temp=62C | gpu=99% | vram=4.8GB | clock=2917MHz (100%) | ram=12.8/16.8GB (76%) | it/s=4.51
2026-04-19 01:49:15,061 | INFO | [Monitor step=17700] temp=62C | gpu=99% | vram=4.8GB | clock=2917MHz (100%) | ram=12.8/16.8GB (76%) | it/s=4.51
2026-04-19 01:49:37,335 | INFO | [Monitor step=17800] temp=62C | gpu=99% | vram=4.8GB | clock=2917MHz (100%) | ram=12.8/16.8GB (76%) | it/s=4.51
2026-04-19 01:49:59,615 | INFO | [Monitor step=17900] temp=61C | gpu=99% | vram=4.8GB | clock=2917MHz (100%) | ram=12.8/16.8GB (77%) | it/s=4.51
2026-04-19 01:50:21,896 | INFO | [Monitor step=18000] temp=62C | gpu=98% | vram=4.8GB | clock=2917MHz (100%) | ram=12.9/16.8GB (77%) | it/s=4.51
2026-04-19 01:50:44,173 | INFO | [Monitor step=18100] temp=62C | gpu=99% | vram=4.8GB | clock=2917MHz (100%) | ram=12.9/16.8GB (77%) | it/s=4.52
2026-04-19 01:51:06,452 | INFO | [Monitor step=18200] temp=62C | gpu=100% | vram=4.8GB | clock=2917MHz (100%) | ram=12.9/16.8GB (77%) | it/s=4.51
2026-04-19 01:51:28,725 | INFO | [Monitor step=18300] temp=62C | gpu=99% | vram=4.8GB | clock=2917MHz (100%) | ram=12.9/16.8GB (77%) | it/s=4.52
2026-04-19 01:51:51,000 | INFO | [Monitor step=18400] temp=62C | gpu=96% | vram=4.8GB | clock=2917MHz (100%) | ram=12.9/16.8GB (77%) | it/s=4.51
2026-04-19 01:52:13,273 | INFO | [Monitor step=18500] temp=62C | gpu=100% | vram=4.8GB | clock=2917MHz (100%) | ram=13.0/16.8GB (77%) | it/s=4.56
2026-04-19 01:52:35,529 | INFO | [Monitor step=18600] temp=62C | gpu=100% | vram=4.8GB | clock=2917MHz (100%) | ram=13.0/16.8GB (78%) | it/s=4.51
2026-04-19 01:52:57,804 | INFO | [Monitor step=18700] temp=62C | gpu=99% | vram=4.8GB | clock=2917MHz (100%) | ram=13.0/16.8GB (78%) | it/s=4.51
2026-04-19 01:53:20,079 | INFO | [Monitor step=18800] temp=62C | gpu=99% | vram=4.8GB | clock=2917MHz (100%) | ram=13.0/16.8GB (78%) | it/s=4.51
2026-04-19 01:53:42,353 | INFO | [Monitor step=18900] temp=61C | gpu=98% | vram=4.8GB | clock=2917MHz (100%) | ram=13.1/16.8GB (78%) | it/s=4.52
2026-04-19 01:54:04,629 | INFO | [Monitor step=19000] temp=61C | gpu=98% | vram=4.8GB | clock=2917MHz (100%) | ram=13.1/16.8GB (78%) | it/s=4.51
2026-04-19 01:54:26,911 | INFO | [Monitor step=19100] temp=62C | gpu=99% | vram=4.8GB | clock=2917MHz (100%) | ram=13.1/16.8GB (78%) | it/s=4.52
2026-04-19 01:54:26,913 | INFO | Epoch 2 complete: train_loss=0.3367 | train_acc=99.08% | avg=4.51 it/s | time=35.5min
2026-04-19 01:54:27,080 | INFO |   Running validation...
2026-04-19 01:55:04,457 | INFO |   Val Accuracy:  99.02%
2026-04-19 01:55:04,458 | INFO |   Val F1:        99.02%
2026-04-19 01:55:04,459 | INFO |   Val Precision: 99.02%
2026-04-19 01:55:04,459 | INFO |   Val Recall:    99.02%
2026-04-19 01:55:04,459 | INFO |   Val Loss:      0.3371
2026-04-19 01:55:04,459 | INFO |   Train-Val Gap: 0.06%
2026-04-19 01:55:04,460 | INFO |   No improvement. Patience: 1/15
2026-04-19 01:55:04,460 | INFO | 
============================================================
EPOCH 3/15
============================================================
2026-04-19 01:55:26,808 | INFO | [Monitor step=19200] temp=61C | gpu=98% | vram=4.7GB | clock=2917MHz (100%) | ram=13.2/16.8GB (79%) | it/s=4.51
2026-04-19 01:55:49,069 | INFO | [Monitor step=19300] temp=62C | gpu=100% | vram=4.7GB | clock=2917MHz (100%) | ram=13.2/16.8GB (79%) | it/s=4.52
2026-04-19 01:56:11,339 | INFO | [Monitor step=19400] temp=63C | gpu=100% | vram=4.7GB | clock=2917MHz (100%) | ram=13.2/16.8GB (79%) | it/s=4.52
2026-04-19 01:56:33,610 | INFO | [Monitor step=19500] temp=62C | gpu=99% | vram=4.7GB | clock=2917MHz (100%) | ram=13.2/16.8GB (79%) | it/s=4.51
2026-04-19 01:56:55,873 | INFO | [Monitor step=19600] temp=63C | gpu=100% | vram=4.7GB | clock=2917MHz (100%) | ram=13.2/16.8GB (79%) | it/s=4.52
2026-04-19 01:57:18,145 | INFO | [Monitor step=19700] temp=61C | gpu=100% | vram=4.7GB | clock=2917MHz (100%) | ram=13.2/16.8GB (79%) | it/s=4.51
2026-04-19 01:57:40,416 | INFO | [Monitor step=19800] temp=62C | gpu=99% | vram=4.7GB | clock=2917MHz (100%) | ram=13.2/16.8GB (79%) | it/s=4.51
2026-04-19 01:58:02,692 | INFO | [Monitor step=19900] temp=62C | gpu=99% | vram=4.7GB | clock=2917MHz (100%) | ram=13.2/16.8GB (79%) | it/s=4.51
2026-04-19 01:58:24,964 | INFO | [Monitor step=20000] temp=62C | gpu=98% | vram=4.7GB | clock=2917MHz (100%) | ram=13.2/16.8GB (79%) | it/s=4.52
2026-04-19 01:58:47,231 | INFO | [Monitor step=20100] temp=62C | gpu=98% | vram=4.7GB | clock=2917MHz (100%) | ram=13.2/16.8GB (79%) | it/s=4.51
2026-04-19 01:59:09,502 | INFO | [Monitor step=20200] temp=62C | gpu=98% | vram=4.7GB | clock=2917MHz (100%) | ram=13.2/16.8GB (79%) | it/s=4.51
2026-04-19 01:59:31,778 | INFO | [Monitor step=20300] temp=62C | gpu=98% | vram=4.7GB | clock=2917MHz (100%) | ram=13.2/16.8GB (79%) | it/s=4.51
2026-04-19 01:59:54,050 | INFO | [Monitor step=20400] temp=59C | gpu=98% | vram=4.7GB | clock=2917MHz (100%) | ram=13.2/16.8GB (79%) | it/s=4.51
2026-04-19 02:00:16,323 | INFO | [Monitor step=20500] temp=61C | gpu=98% | vram=4.7GB | clock=2917MHz (100%) | ram=13.2/16.8GB (79%) | it/s=4.51
2026-04-19 02:00:38,600 | INFO | [Monitor step=20600] temp=62C | gpu=100% | vram=4.7GB | clock=2917MHz (100%) | ram=13.2/16.8GB (79%) | it/s=4.52
2026-04-19 02:01:00,879 | INFO | [Monitor step=20700] temp=62C | gpu=100% | vram=4.7GB | clock=2917MHz (100%) | ram=13.2/16.8GB (79%) | it/s=4.51
2026-04-19 02:01:23,154 | INFO | [Monitor step=20800] temp=62C | gpu=99% | vram=4.7GB | clock=2917MHz (100%) | ram=13.2/16.8GB (79%) | it/s=4.51
2026-04-19 02:01:45,409 | INFO | [Monitor step=20900] temp=62C | gpu=99% | vram=4.7GB | clock=2917MHz (100%) | ram=13.2/16.8GB (79%) | it/s=4.51
2026-04-19 02:02:07,683 | INFO | [Monitor step=21000] temp=62C | gpu=99% | vram=4.7GB | clock=2917MHz (100%) | ram=13.2/16.8GB (79%) | it/s=4.51
2026-04-19 02:02:29,939 | INFO | [Monitor step=21100] temp=59C | gpu=99% | vram=4.7GB | clock=2917MHz (100%) | ram=13.2/16.8GB (79%) | it/s=4.51
2026-04-19 02:02:52,214 | INFO | [Monitor step=21200] temp=59C | gpu=99% | vram=4.7GB | clock=2917MHz (100%) | ram=13.3/16.8GB (79%) | it/s=4.51
2026-04-19 02:03:14,501 | INFO | [Monitor step=21300] temp=62C | gpu=98% | vram=4.7GB | clock=2917MHz (100%) | ram=13.3/16.8GB (79%) | it/s=4.51
2026-04-19 02:03:36,776 | INFO | [Monitor step=21400] temp=62C | gpu=99% | vram=4.7GB | clock=2917MHz (100%) | ram=13.2/16.8GB (79%) | it/s=4.51
2026-04-19 02:03:59,049 | INFO | [Monitor step=21500] temp=63C | gpu=99% | vram=4.7GB | clock=2917MHz (100%) | ram=13.2/16.8GB (79%) | it/s=4.50
2026-04-19 02:04:21,301 | INFO | [Monitor step=21600] temp=62C | gpu=99% | vram=4.7GB | clock=2917MHz (100%) | ram=13.2/16.8GB (79%) | it/s=4.51
2026-04-19 02:04:43,579 | INFO | [Monitor step=21700] temp=61C | gpu=98% | vram=4.7GB | clock=2917MHz (100%) | ram=13.4/16.8GB (80%) | it/s=4.52
2026-04-19 02:05:05,855 | INFO | [Monitor step=21800] temp=62C | gpu=98% | vram=4.7GB | clock=2917MHz (100%) | ram=13.2/16.8GB (79%) | it/s=4.52
2026-04-19 02:05:28,127 | INFO | [Monitor step=21900] temp=62C | gpu=98% | vram=4.7GB | clock=2917MHz (100%) | ram=13.2/16.8GB (79%) | it/s=4.51
2026-04-19 02:05:50,397 | INFO | [Monitor step=22000] temp=62C | gpu=98% | vram=4.7GB | clock=2917MHz (100%) | ram=13.2/16.8GB (79%) | it/s=4.51
2026-04-19 02:06:12,667 | INFO | [Monitor step=22100] temp=59C | gpu=98% | vram=4.7GB | clock=2917MHz (100%) | ram=13.2/16.8GB (79%) | it/s=4.51
2026-04-19 02:06:34,943 | INFO | [Monitor step=22200] temp=61C | gpu=99% | vram=4.7GB | clock=2917MHz (100%) | ram=13.2/16.8GB (79%) | it/s=4.51
2026-04-19 02:06:57,206 | INFO | [Monitor step=22300] temp=61C | gpu=100% | vram=4.7GB | clock=2917MHz (100%) | ram=13.2/16.8GB (79%) | it/s=4.52
2026-04-19 02:07:19,474 | INFO | [Monitor step=22400] temp=61C | gpu=100% | vram=4.7GB | clock=2917MHz (100%) | ram=13.2/16.8GB (79%) | it/s=4.52
2026-04-19 02:07:41,741 | INFO | [Monitor step=22500] temp=61C | gpu=100% | vram=4.7GB | clock=2917MHz (100%) | ram=13.2/16.8GB (79%) | it/s=4.51
2026-04-19 02:08:04,010 | INFO | [Monitor step=22600] temp=62C | gpu=99% | vram=4.7GB | clock=2917MHz (100%) | ram=13.2/16.8GB (79%) | it/s=4.52
2026-04-19 02:08:26,283 | INFO | [Monitor step=22700] temp=62C | gpu=100% | vram=4.7GB | clock=2917MHz (100%) | ram=13.2/16.8GB (79%) | it/s=4.52
2026-04-19 02:08:48,554 | INFO | [Monitor step=22800] temp=61C | gpu=99% | vram=4.7GB | clock=2917MHz (100%) | ram=13.2/16.8GB (79%) | it/s=4.51
2026-04-19 02:09:10,824 | INFO | [Monitor step=22900] temp=62C | gpu=99% | vram=4.7GB | clock=2917MHz (100%) | ram=13.2/16.8GB (79%) | it/s=4.51
2026-04-19 02:09:33,092 | INFO | [Monitor step=23000] temp=62C | gpu=98% | vram=4.7GB | clock=2917MHz (100%) | ram=13.2/16.8GB (79%) | it/s=4.51
2026-04-19 02:09:55,363 | INFO | [Monitor step=23100] temp=61C | gpu=99% | vram=4.7GB | clock=2917MHz (100%) | ram=13.2/16.8GB (79%) | it/s=4.51
2026-04-19 02:10:17,631 | INFO | [Monitor step=23200] temp=62C | gpu=98% | vram=4.7GB | clock=2917MHz (100%) | ram=13.2/16.8GB (79%) | it/s=4.51
2026-04-19 02:10:39,894 | INFO | [Monitor step=23300] temp=62C | gpu=99% | vram=4.7GB | clock=2917MHz (100%) | ram=13.2/16.8GB (79%) | it/s=4.52
2026-04-19 02:11:02,163 | INFO | [Monitor step=23400] temp=59C | gpu=99% | vram=4.7GB | clock=2917MHz (100%) | ram=13.2/16.8GB (79%) | it/s=4.51
2026-04-19 02:11:24,430 | INFO | [Monitor step=23500] temp=61C | gpu=99% | vram=4.7GB | clock=2917MHz (100%) | ram=13.2/16.8GB (79%) | it/s=4.51
2026-04-19 02:11:46,696 | INFO | [Monitor step=23600] temp=62C | gpu=100% | vram=4.7GB | clock=2917MHz (100%) | ram=13.2/16.8GB (79%) | it/s=4.51
2026-04-19 02:12:08,968 | INFO | [Monitor step=23700] temp=61C | gpu=99% | vram=4.7GB | clock=2917MHz (100%) | ram=13.2/16.8GB (79%) | it/s=4.51
2026-04-19 02:12:31,214 | INFO | [Monitor step=23800] temp=62C | gpu=100% | vram=4.7GB | clock=2917MHz (100%) | ram=13.2/16.8GB (79%) | it/s=4.51
2026-04-19 02:12:53,481 | INFO | [Monitor step=23900] temp=62C | gpu=100% | vram=4.7GB | clock=2917MHz (100%) | ram=13.2/16.8GB (79%) | it/s=4.51
2026-04-19 02:13:15,753 | INFO | [Monitor step=24000] temp=62C | gpu=99% | vram=4.7GB | clock=2917MHz (100%) | ram=13.2/16.8GB (79%) | it/s=4.51
2026-04-19 02:13:38,016 | INFO | [Monitor step=24100] temp=61C | gpu=100% | vram=4.7GB | clock=2917MHz (100%) | ram=13.2/16.8GB (79%) | it/s=4.52
2026-04-19 02:14:00,286 | INFO | [Monitor step=24200] temp=62C | gpu=99% | vram=4.7GB | clock=2917MHz (100%) | ram=12.9/16.8GB (77%) | it/s=4.51
2026-04-19 02:14:22,557 | INFO | [Monitor step=24300] temp=62C | gpu=99% | vram=4.7GB | clock=2917MHz (100%) | ram=12.9/16.8GB (77%) | it/s=4.51
2026-04-19 02:14:44,827 | INFO | [Monitor step=24400] temp=61C | gpu=99% | vram=4.7GB | clock=2917MHz (100%) | ram=12.9/16.8GB (77%) | it/s=4.51
2026-04-19 02:15:07,094 | INFO | [Monitor step=24500] temp=62C | gpu=98% | vram=4.7GB | clock=2917MHz (100%) | ram=12.9/16.8GB (77%) | it/s=4.52
2026-04-19 02:15:29,365 | INFO | [Monitor step=24600] temp=62C | gpu=99% | vram=4.7GB | clock=2917MHz (100%) | ram=12.9/16.8GB (77%) | it/s=4.51
2026-04-19 02:15:51,633 | INFO | [Monitor step=24700] temp=62C | gpu=99% | vram=4.7GB | clock=2917MHz (100%) | ram=12.9/16.8GB (77%) | it/s=4.52
2026-04-19 02:16:13,934 | INFO | [Monitor step=24800] temp=62C | gpu=99% | vram=4.7GB | clock=2917MHz (100%) | ram=12.9/16.8GB (77%) | it/s=4.52
2026-04-19 02:16:36,346 | INFO | [Monitor step=24900] temp=61C | gpu=99% | vram=4.7GB | clock=2917MHz (100%) | ram=13.0/16.8GB (77%) | it/s=4.51
2026-04-19 02:16:58,616 | INFO | [Monitor step=25000] temp=62C | gpu=98% | vram=4.7GB | clock=2917MHz (100%) | ram=13.0/16.8GB (77%) | it/s=4.51
2026-04-19 02:17:20,883 | INFO | [Monitor step=25100] temp=62C | gpu=98% | vram=4.7GB | clock=2917MHz (100%) | ram=13.0/16.8GB (78%) | it/s=4.51
2026-04-19 02:17:43,152 | INFO | [Monitor step=25200] temp=62C | gpu=99% | vram=4.7GB | clock=2917MHz (100%) | ram=12.9/16.8GB (77%) | it/s=4.52
2026-04-19 02:18:05,426 | INFO | [Monitor step=25300] temp=61C | gpu=98% | vram=4.7GB | clock=2917MHz (100%) | ram=12.9/16.8GB (77%) | it/s=4.51
2026-04-19 02:18:27,697 | INFO | [Monitor step=25400] temp=61C | gpu=99% | vram=4.7GB | clock=2917MHz (100%) | ram=12.9/16.8GB (77%) | it/s=4.51
2026-04-19 02:18:49,970 | INFO | [Monitor step=25500] temp=61C | gpu=99% | vram=4.7GB | clock=2917MHz (100%) | ram=13.0/16.8GB (77%) | it/s=4.51
2026-04-19 02:19:12,243 | INFO | [Monitor step=25600] temp=62C | gpu=98% | vram=4.7GB | clock=2917MHz (100%) | ram=13.0/16.8GB (77%) | it/s=4.52
2026-04-19 02:19:34,509 | INFO | [Monitor step=25700] temp=62C | gpu=98% | vram=4.7GB | clock=2917MHz (100%) | ram=13.0/16.8GB (77%) | it/s=4.52
2026-04-19 02:19:56,782 | INFO | [Monitor step=25800] temp=61C | gpu=99% | vram=4.7GB | clock=2917MHz (100%) | ram=13.0/16.8GB (78%) | it/s=4.51
2026-04-19 02:20:19,046 | INFO | [Monitor step=25900] temp=62C | gpu=99% | vram=4.7GB | clock=2917MHz (100%) | ram=13.0/16.8GB (78%) | it/s=4.51
2026-04-19 02:20:41,316 | INFO | [Monitor step=26000] temp=62C | gpu=100% | vram=4.7GB | clock=2917MHz (100%) | ram=13.0/16.8GB (78%) | it/s=4.51
2026-04-19 02:21:03,585 | INFO | [Monitor step=26100] temp=62C | gpu=99% | vram=4.7GB | clock=2917MHz (100%) | ram=13.0/16.8GB (78%) | it/s=4.51
2026-04-19 02:21:25,855 | INFO | [Monitor step=26200] temp=61C | gpu=100% | vram=4.7GB | clock=2917MHz (100%) | ram=13.0/16.8GB (78%) | it/s=4.51
2026-04-19 02:21:48,125 | INFO | [Monitor step=26300] temp=62C | gpu=100% | vram=4.7GB | clock=2917MHz (100%) | ram=13.0/16.8GB (78%) | it/s=4.51
2026-04-19 02:22:10,397 | INFO | [Monitor step=26400] temp=62C | gpu=100% | vram=4.7GB | clock=2917MHz (100%) | ram=13.0/16.8GB (78%) | it/s=4.51
2026-04-19 02:22:32,650 | INFO | [Monitor step=26500] temp=62C | gpu=99% | vram=4.7GB | clock=2917MHz (100%) | ram=13.0/16.8GB (78%) | it/s=4.51
2026-04-19 02:22:54,916 | INFO | [Monitor step=26600] temp=62C | gpu=100% | vram=4.7GB | clock=2917MHz (100%) | ram=13.1/16.8GB (78%) | it/s=4.51
2026-04-19 02:23:17,183 | INFO | [Monitor step=26700] temp=62C | gpu=99% | vram=4.7GB | clock=2917MHz (100%) | ram=13.1/16.8GB (78%) | it/s=4.52
2026-04-19 02:23:39,452 | INFO | [Monitor step=26800] temp=62C | gpu=99% | vram=4.7GB | clock=2917MHz (100%) | ram=13.1/16.8GB (78%) | it/s=4.52
2026-04-19 02:24:01,721 | INFO | [Monitor step=26900] temp=61C | gpu=97% | vram=4.7GB | clock=2917MHz (100%) | ram=13.1/16.8GB (78%) | it/s=4.52
2026-04-19 02:24:23,991 | INFO | [Monitor step=27000] temp=61C | gpu=99% | vram=4.7GB | clock=2917MHz (100%) | ram=13.1/16.8GB (78%) | it/s=4.52
2026-04-19 02:24:46,253 | INFO | [Monitor step=27100] temp=62C | gpu=98% | vram=4.7GB | clock=2917MHz (100%) | ram=13.1/16.8GB (78%) | it/s=4.52
2026-04-19 02:25:08,520 | INFO | [Monitor step=27200] temp=62C | gpu=98% | vram=4.7GB | clock=2917MHz (100%) | ram=13.1/16.8GB (78%) | it/s=4.52
2026-04-19 02:25:30,788 | INFO | [Monitor step=27300] temp=61C | gpu=98% | vram=4.7GB | clock=2917MHz (100%) | ram=13.1/16.8GB (78%) | it/s=4.52
2026-04-19 02:25:53,056 | INFO | [Monitor step=27400] temp=62C | gpu=98% | vram=4.7GB | clock=2917MHz (100%) | ram=12.9/16.8GB (77%) | it/s=4.51
2026-04-19 02:26:15,323 | INFO | [Monitor step=27500] temp=62C | gpu=99% | vram=4.7GB | clock=2917MHz (100%) | ram=12.9/16.8GB (77%) | it/s=4.52
2026-04-19 02:26:37,593 | INFO | [Monitor step=27600] temp=59C | gpu=99% | vram=4.7GB | clock=2917MHz (100%) | ram=12.9/16.8GB (77%) | it/s=4.51
2026-04-19 02:26:59,858 | INFO | [Monitor step=27700] temp=61C | gpu=100% | vram=4.7GB | clock=2917MHz (100%) | ram=12.9/16.8GB (77%) | it/s=4.52
2026-04-19 02:27:22,126 | INFO | [Monitor step=27800] temp=61C | gpu=100% | vram=4.7GB | clock=2917MHz (100%) | ram=13.0/16.8GB (77%) | it/s=4.52
2026-04-19 02:27:44,393 | INFO | [Monitor step=27900] temp=62C | gpu=99% | vram=4.7GB | clock=2917MHz (100%) | ram=13.0/16.8GB (77%) | it/s=4.52
2026-04-19 02:28:06,661 | INFO | [Monitor step=28000] temp=61C | gpu=99% | vram=4.7GB | clock=2917MHz (100%) | ram=13.0/16.8GB (78%) | it/s=4.51
2026-04-19 02:28:28,928 | INFO | [Monitor step=28100] temp=62C | gpu=100% | vram=4.7GB | clock=2917MHz (100%) | ram=13.0/16.8GB (78%) | it/s=4.52
2026-04-19 02:28:51,195 | INFO | [Monitor step=28200] temp=62C | gpu=99% | vram=4.7GB | clock=2917MHz (100%) | ram=13.0/16.8GB (78%) | it/s=4.52
2026-04-19 02:29:13,462 | INFO | [Monitor step=28300] temp=62C | gpu=99% | vram=4.7GB | clock=2917MHz (100%) | ram=13.0/16.8GB (78%) | it/s=4.51
2026-04-19 02:29:35,729 | INFO | [Monitor step=28400] temp=61C | gpu=98% | vram=4.7GB | clock=2917MHz (100%) | ram=13.0/16.8GB (77%) | it/s=4.52
2026-04-19 02:29:57,991 | INFO | [Monitor step=28500] temp=61C | gpu=99% | vram=4.7GB | clock=2917MHz (100%) | ram=13.0/16.8GB (78%) | it/s=4.51
2026-04-19 02:30:20,261 | INFO | [Monitor step=28600] temp=62C | gpu=98% | vram=4.7GB | clock=2917MHz (100%) | ram=13.0/16.8GB (78%) | it/s=4.52
2026-04-19 02:30:31,388 | INFO | Epoch 3 complete: train_loss=0.3334 | train_acc=99.34% | avg=4.51 it/s | time=35.4min
2026-04-19 02:30:31,556 | INFO |   Running validation...
2026-04-19 02:31:08,923 | INFO |   Val Accuracy:  99.10%
2026-04-19 02:31:08,923 | INFO |   Val F1:        99.10%
2026-04-19 02:31:08,924 | INFO |   Val Precision: 99.11%
2026-04-19 02:31:08,924 | INFO |   Val Recall:    99.10%
2026-04-19 02:31:08,924 | INFO |   Val Loss:      0.3366
2026-04-19 02:31:08,924 | INFO |   Train-Val Gap: 0.24%
2026-04-19 02:31:15,617 | INFO |   Checkpoint saved: ./models/vit-base-mrl-augmented-2\best_model
2026-04-19 02:31:15,617 | INFO |   New best: 99.10%
2026-04-19 02:31:15,619 | INFO | 
============================================================
EPOCH 4/15
============================================================
2026-04-19 02:31:27,088 | INFO | [Monitor step=28700] temp=60C | gpu=99% | vram=4.7GB | clock=2917MHz (100%) | ram=13.0/16.8GB (77%) | it/s=4.52
2026-04-19 02:31:49,335 | INFO | [Monitor step=28800] temp=59C | gpu=99% | vram=4.7GB | clock=2917MHz (100%) | ram=13.0/16.8GB (77%) | it/s=4.51
2026-04-19 02:32:11,603 | INFO | [Monitor step=28900] temp=59C | gpu=99% | vram=4.7GB | clock=2917MHz (100%) | ram=12.9/16.8GB (77%) | it/s=4.52
2026-04-19 02:32:33,849 | INFO | [Monitor step=29000] temp=62C | gpu=100% | vram=4.7GB | clock=2917MHz (100%) | ram=12.9/16.8GB (77%) | it/s=4.51
2026-04-19 02:32:56,121 | INFO | [Monitor step=29100] temp=61C | gpu=100% | vram=4.7GB | clock=2917MHz (100%) | ram=13.0/16.8GB (77%) | it/s=4.52
2026-04-19 02:33:18,388 | INFO | [Monitor step=29200] temp=62C | gpu=99% | vram=4.7GB | clock=2917MHz (100%) | ram=13.0/16.8GB (78%) | it/s=4.52
2026-04-19 02:33:40,654 | INFO | [Monitor step=29300] temp=62C | gpu=100% | vram=4.7GB | clock=2917MHz (100%) | ram=13.0/16.8GB (78%) | it/s=4.52
2026-04-19 02:34:02,915 | INFO | [Monitor step=29400] temp=61C | gpu=99% | vram=4.7GB | clock=2917MHz (100%) | ram=13.0/16.8GB (78%) | it/s=4.52
2026-04-19 02:34:25,177 | INFO | [Monitor step=29500] temp=61C | gpu=99% | vram=4.7GB | clock=2917MHz (100%) | ram=13.0/16.8GB (78%) | it/s=4.52
2026-04-19 02:34:47,439 | INFO | [Monitor step=29600] temp=59C | gpu=99% | vram=4.7GB | clock=2917MHz (100%) | ram=13.0/16.8GB (78%) | it/s=4.52
2026-04-19 02:35:09,708 | INFO | [Monitor step=29700] temp=58C | gpu=99% | vram=4.7GB | clock=2917MHz (100%) | ram=13.1/16.8GB (78%) | it/s=4.52
2026-04-19 02:35:31,970 | INFO | [Monitor step=29800] temp=61C | gpu=100% | vram=4.7GB | clock=2917MHz (100%) | ram=13.1/16.8GB (78%) | it/s=4.52
2026-04-19 02:35:54,237 | INFO | [Monitor step=29900] temp=61C | gpu=100% | vram=4.7GB | clock=2917MHz (100%) | ram=13.0/16.8GB (77%) | it/s=4.52
2026-04-19 02:36:16,505 | INFO | [Monitor step=30000] temp=61C | gpu=100% | vram=4.7GB | clock=2917MHz (100%) | ram=13.0/16.8GB (77%) | it/s=4.51
2026-04-19 02:36:38,774 | INFO | [Monitor step=30100] temp=61C | gpu=99% | vram=4.7GB | clock=2917MHz (100%) | ram=13.0/16.8GB (77%) | it/s=4.51
2026-04-19 02:37:01,045 | INFO | [Monitor step=30200] temp=62C | gpu=100% | vram=4.7GB | clock=2917MHz (100%) | ram=13.0/16.8GB (77%) | it/s=4.50
2026-04-19 02:37:23,314 | INFO | [Monitor step=30300] temp=61C | gpu=99% | vram=4.7GB | clock=2917MHz (100%) | ram=13.0/16.8GB (77%) | it/s=4.51
2026-04-19 02:37:45,583 | INFO | [Monitor step=30400] temp=61C | gpu=99% | vram=4.7GB | clock=2917MHz (100%) | ram=13.0/16.8GB (77%) | it/s=4.52
2026-04-19 02:38:07,856 | INFO | [Monitor step=30500] temp=61C | gpu=98% | vram=4.7GB | clock=2917MHz (100%) | ram=13.0/16.8GB (78%) | it/s=4.51
2026-04-19 02:38:30,128 | INFO | [Monitor step=30600] temp=61C | gpu=98% | vram=4.7GB | clock=2917MHz (100%) | ram=13.0/16.8GB (78%) | it/s=4.52
2026-04-19 02:38:52,396 | INFO | [Monitor step=30700] temp=62C | gpu=98% | vram=4.7GB | clock=2917MHz (100%) | ram=13.0/16.8GB (78%) | it/s=4.51
2026-04-19 02:39:14,673 | INFO | [Monitor step=30800] temp=62C | gpu=99% | vram=4.7GB | clock=2917MHz (100%) | ram=13.0/16.8GB (78%) | it/s=4.51
2026-04-19 02:39:36,944 | INFO | [Monitor step=30900] temp=60C | gpu=98% | vram=4.7GB | clock=2917MHz (100%) | ram=13.0/16.8GB (78%) | it/s=4.51
2026-04-19 02:39:59,216 | INFO | [Monitor step=31000] temp=60C | gpu=98% | vram=4.7GB | clock=2917MHz (100%) | ram=13.0/16.8GB (78%) | it/s=4.52
2026-04-19 02:40:21,488 | INFO | [Monitor step=31100] temp=61C | gpu=100% | vram=4.7GB | clock=2917MHz (100%) | ram=13.0/16.8GB (78%) | it/s=4.52
2026-04-19 02:40:43,758 | INFO | [Monitor step=31200] temp=61C | gpu=100% | vram=4.7GB | clock=2917MHz (100%) | ram=13.0/16.8GB (78%) | it/s=4.51
2026-04-19 02:41:06,030 | INFO | [Monitor step=31300] temp=61C | gpu=99% | vram=4.7GB | clock=2917MHz (100%) | ram=13.0/16.8GB (78%) | it/s=4.51
2026-04-19 02:41:28,301 | INFO | [Monitor step=31400] temp=62C | gpu=99% | vram=4.7GB | clock=2917MHz (100%) | ram=13.0/16.8GB (78%) | it/s=4.52
2026-04-19 02:41:50,570 | INFO | [Monitor step=31500] temp=61C | gpu=99% | vram=4.7GB | clock=2917MHz (100%) | ram=13.0/16.8GB (78%) | it/s=4.52
2026-04-19 02:42:12,843 | INFO | [Monitor step=31600] temp=61C | gpu=99% | vram=4.7GB | clock=2917MHz (100%) | ram=13.0/16.8GB (78%) | it/s=4.52
2026-04-19 02:42:35,088 | INFO | [Monitor step=31700] temp=61C | gpu=99% | vram=4.7GB | clock=2917MHz (100%) | ram=13.0/16.8GB (78%) | it/s=4.52
2026-04-19 02:42:57,360 | INFO | [Monitor step=31800] temp=61C | gpu=98% | vram=4.7GB | clock=2917MHz (100%) | ram=13.0/16.8GB (78%) | it/s=4.52
2026-04-19 02:43:19,616 | INFO | [Monitor step=31900] temp=61C | gpu=99% | vram=4.7GB | clock=2917MHz (100%) | ram=13.9/16.8GB (83%) | it/s=4.51
2026-04-19 02:43:41,883 | INFO | [Monitor step=32000] temp=62C | gpu=97% | vram=4.7GB | clock=2917MHz (100%) | ram=13.9/16.8GB (83%) | it/s=4.51
2026-04-19 02:44:04,152 | INFO | [Monitor step=32100] temp=62C | gpu=98% | vram=4.7GB | clock=2917MHz (100%) | ram=13.9/16.8GB (83%) | it/s=4.52
2026-04-19 02:44:26,418 | INFO | [Monitor step=32200] temp=61C | gpu=98% | vram=4.7GB | clock=2917MHz (100%) | ram=13.9/16.8GB (83%) | it/s=4.52
2026-04-19 02:44:48,685 | INFO | [Monitor step=32300] temp=62C | gpu=98% | vram=4.7GB | clock=2917MHz (100%) | ram=13.9/16.8GB (83%) | it/s=4.52
2026-04-19 02:45:10,957 | INFO | [Monitor step=32400] temp=61C | gpu=98% | vram=4.7GB | clock=2917MHz (100%) | ram=13.9/16.8GB (83%) | it/s=4.51
2026-04-19 02:45:33,226 | INFO | [Monitor step=32500] temp=59C | gpu=99% | vram=4.7GB | clock=2917MHz (100%) | ram=14.0/16.8GB (83%) | it/s=4.52
2026-04-19 02:45:55,656 | INFO | [Monitor step=32600] temp=62C | gpu=98% | vram=4.7GB | clock=2917MHz (100%) | ram=14.0/16.8GB (83%) | it/s=4.52
2026-04-19 02:46:18,099 | INFO | [Monitor step=32700] temp=61C | gpu=99% | vram=4.7GB | clock=2917MHz (100%) | ram=14.0/16.8GB (83%) | it/s=4.48
2026-04-19 02:46:40,537 | INFO | [Monitor step=32800] temp=61C | gpu=99% | vram=4.7GB | clock=2917MHz (100%) | ram=13.9/16.8GB (83%) | it/s=4.52
2026-04-19 02:47:03,548 | INFO | [Monitor step=32900] temp=61C | gpu=98% | vram=4.7GB | clock=2917MHz (100%) | ram=13.9/16.8GB (83%) | it/s=4.33
2026-04-19 02:47:25,892 | INFO | [Monitor step=33000] temp=62C | gpu=97% | vram=4.7GB | clock=2917MHz (100%) | ram=13.9/16.8GB (83%) | it/s=4.50
2026-04-19 02:47:48,172 | INFO | [Monitor step=33100] temp=62C | gpu=97% | vram=4.7GB | clock=2917MHz (100%) | ram=14.0/16.8GB (83%) | it/s=4.51
2026-04-19 02:48:10,552 | INFO | [Monitor step=33200] temp=61C | gpu=98% | vram=4.7GB | clock=2917MHz (100%) | ram=14.0/16.8GB (83%) | it/s=4.48
2026-04-19 02:48:33,016 | INFO | [Monitor step=33300] temp=61C | gpu=100% | vram=4.7GB | clock=2917MHz (100%) | ram=14.0/16.8GB (84%) | it/s=4.51
2026-04-19 02:48:55,319 | INFO | [Monitor step=33400] temp=62C | gpu=99% | vram=4.7GB | clock=2917MHz (100%) | ram=14.0/16.8GB (83%) | it/s=4.51
2026-04-19 02:49:17,627 | INFO | [Monitor step=33500] temp=62C | gpu=99% | vram=4.7GB | clock=2917MHz (100%) | ram=14.0/16.8GB (83%) | it/s=4.51
2026-04-19 02:49:39,924 | INFO | [Monitor step=33600] temp=62C | gpu=99% | vram=4.7GB | clock=2917MHz (100%) | ram=14.0/16.8GB (83%) | it/s=4.52
2026-04-19 02:50:02,224 | INFO | [Monitor step=33700] temp=62C | gpu=98% | vram=4.7GB | clock=2917MHz (100%) | ram=14.0/16.8GB (83%) | it/s=4.51
2026-04-19 02:50:24,523 | INFO | [Monitor step=33800] temp=62C | gpu=98% | vram=4.7GB | clock=2917MHz (100%) | ram=14.0/16.8GB (83%) | it/s=4.51
2026-04-19 02:50:46,820 | INFO | [Monitor step=33900] temp=62C | gpu=99% | vram=4.7GB | clock=2917MHz (100%) | ram=14.0/16.8GB (83%) | it/s=4.50
2026-04-19 02:51:09,117 | INFO | [Monitor step=34000] temp=59C | gpu=82% | vram=4.7GB | clock=2917MHz (100%) | ram=14.0/16.8GB (83%) | it/s=4.50
2026-04-19 02:51:31,413 | INFO | [Monitor step=34100] temp=62C | gpu=99% | vram=4.7GB | clock=2917MHz (100%) | ram=14.0/16.8GB (83%) | it/s=4.50
2026-04-19 02:51:53,714 | INFO | [Monitor step=34200] temp=62C | gpu=99% | vram=4.7GB | clock=2917MHz (100%) | ram=14.0/16.8GB (83%) | it/s=4.50
2026-04-19 02:52:15,993 | INFO | [Monitor step=34300] temp=62C | gpu=98% | vram=4.7GB | clock=2917MHz (100%) | ram=14.0/16.8GB (83%) | it/s=4.51
2026-04-19 02:52:38,290 | INFO | [Monitor step=34400] temp=62C | gpu=98% | vram=4.7GB | clock=2917MHz (100%) | ram=14.0/16.8GB (84%) | it/s=4.51
2026-04-19 02:53:00,591 | INFO | [Monitor step=34500] temp=62C | gpu=100% | vram=4.7GB | clock=2917MHz (100%) | ram=14.0/16.8GB (83%) | it/s=4.52
2026-04-19 02:53:22,888 | INFO | [Monitor step=34600] temp=62C | gpu=100% | vram=4.7GB | clock=2917MHz (100%) | ram=14.0/16.8GB (83%) | it/s=4.51
2026-04-19 02:53:45,190 | INFO | [Monitor step=34700] temp=62C | gpu=100% | vram=4.7GB | clock=2917MHz (100%) | ram=14.0/16.8GB (83%) | it/s=4.51
2026-04-19 02:54:07,490 | INFO | [Monitor step=34800] temp=61C | gpu=97% | vram=4.7GB | clock=2917MHz (100%) | ram=14.0/16.8GB (83%) | it/s=4.51
2026-04-19 02:54:29,789 | INFO | [Monitor step=34900] temp=62C | gpu=97% | vram=4.7GB | clock=2917MHz (100%) | ram=13.9/16.8GB (83%) | it/s=4.51
2026-04-19 02:54:52,087 | INFO | [Monitor step=35000] temp=62C | gpu=100% | vram=4.7GB | clock=2917MHz (100%) | ram=13.9/16.8GB (83%) | it/s=4.51
2026-04-19 02:55:14,388 | INFO | [Monitor step=35100] temp=62C | gpu=100% | vram=4.7GB | clock=2917MHz (100%) | ram=13.5/16.8GB (80%) | it/s=4.51
2026-04-19 02:55:36,684 | INFO | [Monitor step=35200] temp=62C | gpu=100% | vram=4.7GB | clock=2917MHz (100%) | ram=13.5/16.8GB (80%) | it/s=4.51
2026-04-19 02:55:58,982 | INFO | [Monitor step=35300] temp=62C | gpu=98% | vram=4.7GB | clock=2917MHz (100%) | ram=13.5/16.8GB (80%) | it/s=4.50
2026-04-19 02:56:21,282 | INFO | [Monitor step=35400] temp=62C | gpu=97% | vram=4.7GB | clock=2917MHz (100%) | ram=13.5/16.8GB (80%) | it/s=4.51
2026-04-19 02:56:43,577 | INFO | [Monitor step=35500] temp=59C | gpu=99% | vram=4.7GB | clock=2917MHz (100%) | ram=13.5/16.8GB (81%) | it/s=4.50
2026-04-19 02:57:05,877 | INFO | [Monitor step=35600] temp=62C | gpu=97% | vram=4.7GB | clock=2917MHz (100%) | ram=13.5/16.8GB (81%) | it/s=4.50
2026-04-19 02:57:28,175 | INFO | [Monitor step=35700] temp=59C | gpu=98% | vram=4.7GB | clock=2917MHz (100%) | ram=13.5/16.8GB (81%) | it/s=4.52
2026-04-19 02:57:50,476 | INFO | [Monitor step=35800] temp=62C | gpu=100% | vram=4.7GB | clock=2917MHz (100%) | ram=13.6/16.8GB (81%) | it/s=4.51
2026-04-19 02:58:12,780 | INFO | [Monitor step=35900] temp=63C | gpu=100% | vram=4.7GB | clock=2917MHz (100%) | ram=13.6/16.8GB (81%) | it/s=4.51
2026-04-19 02:58:35,082 | INFO | [Monitor step=36000] temp=62C | gpu=98% | vram=4.7GB | clock=2917MHz (100%) | ram=13.6/16.8GB (81%) | it/s=4.51
2026-04-19 02:58:57,382 | INFO | [Monitor step=36100] temp=61C | gpu=98% | vram=4.7GB | clock=2917MHz (100%) | ram=13.6/16.8GB (81%) | it/s=4.51
2026-04-19 02:59:19,683 | INFO | [Monitor step=36200] temp=59C | gpu=99% | vram=4.7GB | clock=2917MHz (100%) | ram=13.6/16.8GB (81%) | it/s=4.51
2026-04-19 02:59:41,981 | INFO | [Monitor step=36300] temp=62C | gpu=100% | vram=4.7GB | clock=2917MHz (100%) | ram=13.7/16.8GB (82%) | it/s=4.51
2026-04-19 03:00:04,277 | INFO | [Monitor step=36400] temp=62C | gpu=99% | vram=4.7GB | clock=2917MHz (100%) | ram=13.7/16.8GB (82%) | it/s=4.51
2026-04-19 03:00:26,576 | INFO | [Monitor step=36500] temp=62C | gpu=99% | vram=4.7GB | clock=2917MHz (100%) | ram=13.7/16.8GB (82%) | it/s=4.51
2026-04-19 03:00:48,872 | INFO | [Monitor step=36600] temp=62C | gpu=98% | vram=4.7GB | clock=2917MHz (100%) | ram=13.7/16.8GB (82%) | it/s=4.50
2026-04-19 03:01:11,172 | INFO | [Monitor step=36700] temp=62C | gpu=99% | vram=4.7GB | clock=2917MHz (100%) | ram=13.7/16.8GB (82%) | it/s=4.50
2026-04-19 03:01:33,473 | INFO | [Monitor step=36800] temp=59C | gpu=99% | vram=4.7GB | clock=2917MHz (100%) | ram=13.7/16.8GB (82%) | it/s=4.50
2026-04-19 03:01:55,755 | INFO | [Monitor step=36900] temp=62C | gpu=100% | vram=4.7GB | clock=2917MHz (100%) | ram=13.7/16.8GB (82%) | it/s=4.50
2026-04-19 03:02:18,031 | INFO | [Monitor step=37000] temp=62C | gpu=99% | vram=4.7GB | clock=2917MHz (100%) | ram=13.7/16.8GB (82%) | it/s=4.50
2026-04-19 03:02:40,330 | INFO | [Monitor step=37100] temp=61C | gpu=99% | vram=4.7GB | clock=2917MHz (100%) | ram=13.7/16.8GB (82%) | it/s=4.51
2026-04-19 03:03:02,638 | INFO | [Monitor step=37200] temp=62C | gpu=97% | vram=4.7GB | clock=2917MHz (100%) | ram=13.9/16.8GB (83%) | it/s=4.51
2026-04-19 03:03:24,935 | INFO | [Monitor step=37300] temp=62C | gpu=99% | vram=4.7GB | clock=2917MHz (100%) | ram=13.7/16.8GB (82%) | it/s=4.51
2026-04-19 03:03:47,232 | INFO | [Monitor step=37400] temp=62C | gpu=100% | vram=4.7GB | clock=2917MHz (100%) | ram=13.7/16.8GB (82%) | it/s=4.51
2026-04-19 03:04:09,531 | INFO | [Monitor step=37500] temp=62C | gpu=100% | vram=4.7GB | clock=2917MHz (100%) | ram=13.7/16.8GB (82%) | it/s=4.51
2026-04-19 03:04:31,829 | INFO | [Monitor step=37600] temp=62C | gpu=99% | vram=4.7GB | clock=2917MHz (100%) | ram=13.7/16.8GB (82%) | it/s=4.51
2026-04-19 03:04:54,109 | INFO | [Monitor step=37700] temp=62C | gpu=98% | vram=4.7GB | clock=2917MHz (100%) | ram=13.4/16.8GB (80%) | it/s=4.51
2026-04-19 03:05:16,409 | INFO | [Monitor step=37800] temp=62C | gpu=98% | vram=4.7GB | clock=2917MHz (100%) | ram=13.4/16.8GB (80%) | it/s=4.52
2026-04-19 03:05:38,709 | INFO | [Monitor step=37900] temp=61C | gpu=99% | vram=4.7GB | clock=2917MHz (100%) | ram=13.4/16.8GB (80%) | it/s=4.52
2026-04-19 03:06:01,008 | INFO | [Monitor step=38000] temp=62C | gpu=100% | vram=4.7GB | clock=2917MHz (100%) | ram=13.4/16.8GB (80%) | it/s=4.48
2026-04-19 03:06:23,311 | INFO | [Monitor step=38100] temp=60C | gpu=99% | vram=4.7GB | clock=2917MHz (100%) | ram=13.4/16.8GB (80%) | it/s=4.51
2026-04-19 03:06:45,616 | INFO | [Monitor step=38200] temp=62C | gpu=100% | vram=4.7GB | clock=2917MHz (100%) | ram=13.4/16.8GB (80%) | it/s=4.51
2026-04-19 03:06:45,618 | INFO | Epoch 4 complete: train_loss=0.3313 | train_acc=99.52% | avg=4.51 it/s | time=35.5min
2026-04-19 03:06:45,786 | INFO |   Running validation...
2026-04-19 03:07:23,144 | INFO |   Val Accuracy:  99.07%
2026-04-19 03:07:23,144 | INFO |   Val F1:        99.07%
2026-04-19 03:07:23,145 | INFO |   Val Precision: 99.07%
2026-04-19 03:07:23,145 | INFO |   Val Recall:    99.07%
2026-04-19 03:07:23,145 | INFO |   Val Loss:      0.3375
2026-04-19 03:07:23,146 | INFO |   Train-Val Gap: 0.45%
2026-04-19 03:07:23,146 | INFO |   No improvement. Patience: 1/15
2026-04-19 03:07:23,146 | INFO | 
============================================================
EPOCH 5/15
============================================================
2026-04-19 03:07:45,521 | INFO | [Monitor step=38300] temp=63C | gpu=98% | vram=4.7GB | clock=2917MHz (100%) | ram=13.5/16.8GB (80%) | it/s=4.50
2026-04-19 03:08:07,823 | INFO | [Monitor step=38400] temp=62C | gpu=100% | vram=4.7GB | clock=2917MHz (100%) | ram=13.5/16.8GB (80%) | it/s=4.50
2026-04-19 03:08:30,123 | INFO | [Monitor step=38500] temp=62C | gpu=100% | vram=4.7GB | clock=2917MHz (100%) | ram=13.5/16.8GB (80%) | it/s=4.52
2026-04-19 03:08:52,423 | INFO | [Monitor step=38600] temp=62C | gpu=99% | vram=4.7GB | clock=2917MHz (100%) | ram=13.5/16.8GB (80%) | it/s=4.51
2026-04-19 03:09:14,725 | INFO | [Monitor step=38700] temp=62C | gpu=97% | vram=4.7GB | clock=2917MHz (100%) | ram=13.5/16.8GB (81%) | it/s=4.51
2026-04-19 03:09:37,024 | INFO | [Monitor step=38800] temp=62C | gpu=98% | vram=4.7GB | clock=2917MHz (100%) | ram=13.5/16.8GB (81%) | it/s=4.51
2026-04-19 03:09:59,326 | INFO | [Monitor step=38900] temp=63C | gpu=100% | vram=4.7GB | clock=2917MHz (100%) | ram=13.5/16.8GB (81%) | it/s=4.51
2026-04-19 03:10:21,626 | INFO | [Monitor step=39000] temp=62C | gpu=100% | vram=4.7GB | clock=2917MHz (100%) | ram=13.5/16.8GB (81%) | it/s=4.51
2026-04-19 03:10:43,927 | INFO | [Monitor step=39100] temp=62C | gpu=100% | vram=4.7GB | clock=2910MHz (99%) | ram=13.5/16.8GB (81%) | it/s=4.51
2026-04-19 03:11:06,231 | INFO | [Monitor step=39200] temp=62C | gpu=98% | vram=4.7GB | clock=2917MHz (100%) | ram=13.6/16.8GB (81%) | it/s=4.51
2026-04-19 03:11:28,533 | INFO | [Monitor step=39300] temp=62C | gpu=98% | vram=4.7GB | clock=2910MHz (99%) | ram=13.6/16.8GB (81%) | it/s=4.50
2026-04-19 03:11:50,836 | INFO | [Monitor step=39400] temp=62C | gpu=100% | vram=4.7GB | clock=2917MHz (100%) | ram=13.6/16.8GB (81%) | it/s=4.51
2026-04-19 03:12:13,140 | INFO | [Monitor step=39500] temp=62C | gpu=100% | vram=4.7GB | clock=2917MHz (100%) | ram=13.6/16.8GB (81%) | it/s=4.53
2026-04-19 03:12:35,425 | INFO | [Monitor step=39600] temp=63C | gpu=100% | vram=4.7GB | clock=2917MHz (100%) | ram=13.6/16.8GB (81%) | it/s=4.50
2026-04-19 03:12:57,733 | INFO | [Monitor step=39700] temp=62C | gpu=97% | vram=4.7GB | clock=2917MHz (100%) | ram=13.6/16.8GB (81%) | it/s=4.50
2026-04-19 03:13:20,040 | INFO | [Monitor step=39800] temp=62C | gpu=99% | vram=4.7GB | clock=2917MHz (100%) | ram=13.6/16.8GB (81%) | it/s=4.51
2026-04-19 03:13:42,347 | INFO | [Monitor step=39900] temp=62C | gpu=100% | vram=4.7GB | clock=2917MHz (100%) | ram=13.6/16.8GB (81%) | it/s=4.51
2026-04-19 03:14:04,647 | INFO | [Monitor step=40000] temp=62C | gpu=100% | vram=4.7GB | clock=2917MHz (100%) | ram=13.6/16.8GB (81%) | it/s=4.51
2026-04-19 03:14:26,948 | INFO | [Monitor step=40100] temp=62C | gpu=99% | vram=4.7GB | clock=2917MHz (100%) | ram=13.6/16.8GB (81%) | it/s=4.51
2026-04-19 03:14:49,253 | INFO | [Monitor step=40200] temp=62C | gpu=97% | vram=4.7GB | clock=2917MHz (100%) | ram=13.6/16.8GB (81%) | it/s=4.51
2026-04-19 03:15:11,567 | INFO | [Monitor step=40300] temp=62C | gpu=98% | vram=4.7GB | clock=2917MHz (100%) | ram=13.3/16.8GB (79%) | it/s=4.51
2026-04-19 03:15:33,870 | INFO | [Monitor step=40400] temp=62C | gpu=100% | vram=4.7GB | clock=2917MHz (100%) | ram=13.0/16.8GB (78%) | it/s=4.51
2026-04-19 03:15:56,176 | INFO | [Monitor step=40500] temp=63C | gpu=99% | vram=4.7GB | clock=2917MHz (100%) | ram=13.0/16.8GB (78%) | it/s=4.51
2026-04-19 03:16:18,481 | INFO | [Monitor step=40600] temp=62C | gpu=99% | vram=4.7GB | clock=2917MHz (100%) | ram=13.0/16.8GB (78%) | it/s=4.50
2026-04-19 03:16:40,786 | INFO | [Monitor step=40700] temp=62C | gpu=98% | vram=4.7GB | clock=2917MHz (100%) | ram=13.0/16.8GB (78%) | it/s=4.50
2026-04-19 03:17:03,090 | INFO | [Monitor step=40800] temp=59C | gpu=99% | vram=4.7GB | clock=2917MHz (100%) | ram=13.0/16.8GB (78%) | it/s=4.50
2026-04-19 03:17:25,394 | INFO | [Monitor step=40900] temp=62C | gpu=99% | vram=4.7GB | clock=2917MHz (100%) | ram=13.1/16.8GB (78%) | it/s=4.50
2026-04-19 03:17:47,697 | INFO | [Monitor step=41000] temp=62C | gpu=99% | vram=4.7GB | clock=2917MHz (100%) | ram=13.1/16.8GB (78%) | it/s=4.51
2026-04-19 03:18:10,004 | INFO | [Monitor step=41100] temp=61C | gpu=99% | vram=4.7GB | clock=2917MHz (100%) | ram=13.1/16.8GB (78%) | it/s=4.51
2026-04-19 03:18:32,307 | INFO | [Monitor step=41200] temp=61C | gpu=99% | vram=4.7GB | clock=2917MHz (100%) | ram=13.1/16.8GB (78%) | it/s=4.50
2026-04-19 03:18:54,607 | INFO | [Monitor step=41300] temp=61C | gpu=99% | vram=4.7GB | clock=2917MHz (100%) | ram=13.1/16.8GB (78%) | it/s=4.51
2026-04-19 03:19:16,909 | INFO | [Monitor step=41400] temp=61C | gpu=99% | vram=4.7GB | clock=2910MHz (99%) | ram=13.1/16.8GB (78%) | it/s=4.50
2026-04-19 03:19:39,208 | INFO | [Monitor step=41500] temp=60C | gpu=99% | vram=4.7GB | clock=2917MHz (100%) | ram=13.1/16.8GB (78%) | it/s=4.51
2026-04-19 03:20:01,511 | INFO | [Monitor step=41600] temp=62C | gpu=100% | vram=4.7GB | clock=2917MHz (100%) | ram=13.1/16.8GB (78%) | it/s=4.51
2026-04-19 03:20:23,815 | INFO | [Monitor step=41700] temp=62C | gpu=99% | vram=4.7GB | clock=2917MHz (100%) | ram=13.1/16.8GB (78%) | it/s=4.51
2026-04-19 03:20:46,114 | INFO | [Monitor step=41800] temp=62C | gpu=99% | vram=4.7GB | clock=2917MHz (100%) | ram=13.1/16.8GB (78%) | it/s=4.51
2026-04-19 03:21:08,417 | INFO | [Monitor step=41900] temp=61C | gpu=99% | vram=4.7GB | clock=2917MHz (100%) | ram=13.1/16.8GB (78%) | it/s=4.50
2026-04-19 03:21:30,719 | INFO | [Monitor step=42000] temp=62C | gpu=99% | vram=4.7GB | clock=2917MHz (100%) | ram=13.2/16.8GB (78%) | it/s=4.50
2026-04-19 03:21:53,020 | INFO | [Monitor step=42100] temp=62C | gpu=100% | vram=4.7GB | clock=2917MHz (100%) | ram=13.2/16.8GB (79%) | it/s=4.50
2026-04-19 03:22:15,302 | INFO | [Monitor step=42200] temp=62C | gpu=99% | vram=4.7GB | clock=2917MHz (100%) | ram=13.2/16.8GB (79%) | it/s=4.50
2026-04-19 03:22:37,603 | INFO | [Monitor step=42300] temp=62C | gpu=98% | vram=4.7GB | clock=2917MHz (100%) | ram=13.2/16.8GB (79%) | it/s=4.51
2026-04-19 03:22:59,905 | INFO | [Monitor step=42400] temp=62C | gpu=99% | vram=4.7GB | clock=2917MHz (100%) | ram=13.2/16.8GB (78%) | it/s=4.51
2026-04-19 03:23:22,204 | INFO | [Monitor step=42500] temp=60C | gpu=98% | vram=4.7GB | clock=2917MHz (100%) | ram=13.2/16.8GB (79%) | it/s=4.51
2026-04-19 03:23:44,504 | INFO | [Monitor step=42600] temp=62C | gpu=99% | vram=4.7GB | clock=2917MHz (100%) | ram=13.2/16.8GB (79%) | it/s=4.51
2026-04-19 03:24:06,803 | INFO | [Monitor step=42700] temp=61C | gpu=99% | vram=4.7GB | clock=2917MHz (100%) | ram=13.2/16.8GB (79%) | it/s=4.51
2026-04-19 03:24:29,099 | INFO | [Monitor step=42800] temp=62C | gpu=99% | vram=4.7GB | clock=2917MHz (100%) | ram=13.2/16.8GB (79%) | it/s=4.51
2026-04-19 03:24:51,400 | INFO | [Monitor step=42900] temp=62C | gpu=98% | vram=4.7GB | clock=2917MHz (100%) | ram=13.2/16.8GB (79%) | it/s=4.51
2026-04-19 03:25:13,701 | INFO | [Monitor step=43000] temp=61C | gpu=99% | vram=4.7GB | clock=2917MHz (100%) | ram=13.2/16.8GB (79%) | it/s=4.52
2026-04-19 03:25:36,001 | INFO | [Monitor step=43100] temp=62C | gpu=100% | vram=4.7GB | clock=2917MHz (100%) | ram=13.2/16.8GB (79%) | it/s=4.50
2026-04-19 03:25:58,298 | INFO | [Monitor step=43200] temp=61C | gpu=99% | vram=4.7GB | clock=2917MHz (100%) | ram=13.2/16.8GB (79%) | it/s=4.50
2026-04-19 03:26:20,602 | INFO | [Monitor step=43300] temp=62C | gpu=99% | vram=4.7GB | clock=2917MHz (100%) | ram=13.2/16.8GB (79%) | it/s=4.50
2026-04-19 03:26:42,905 | INFO | [Monitor step=43400] temp=62C | gpu=99% | vram=4.7GB | clock=2917MHz (100%) | ram=13.2/16.8GB (79%) | it/s=4.50
2026-04-19 03:27:05,205 | INFO | [Monitor step=43500] temp=62C | gpu=98% | vram=4.7GB | clock=2917MHz (100%) | ram=13.2/16.8GB (79%) | it/s=4.50
2026-04-19 03:27:27,510 | INFO | [Monitor step=43600] temp=63C | gpu=99% | vram=4.7GB | clock=2917MHz (100%) | ram=13.2/16.8GB (79%) | it/s=4.51
2026-04-19 03:27:49,813 | INFO | [Monitor step=43700] temp=62C | gpu=99% | vram=4.7GB | clock=2917MHz (100%) | ram=13.2/16.8GB (79%) | it/s=4.51
2026-04-19 03:28:12,113 | INFO | [Monitor step=43800] temp=61C | gpu=99% | vram=4.7GB | clock=2917MHz (100%) | ram=13.2/16.8GB (79%) | it/s=4.51
2026-04-19 03:28:34,416 | INFO | [Monitor step=43900] temp=62C | gpu=98% | vram=4.7GB | clock=2917MHz (100%) | ram=13.2/16.8GB (79%) | it/s=4.51
2026-04-19 03:28:56,716 | INFO | [Monitor step=44000] temp=61C | gpu=99% | vram=4.7GB | clock=2917MHz (100%) | ram=13.2/16.8GB (79%) | it/s=4.51
2026-04-19 03:29:19,021 | INFO | [Monitor step=44100] temp=62C | gpu=99% | vram=4.7GB | clock=2917MHz (100%) | ram=13.2/16.8GB (79%) | it/s=4.51
2026-04-19 03:29:41,323 | INFO | [Monitor step=44200] temp=62C | gpu=99% | vram=4.7GB | clock=2917MHz (100%) | ram=13.2/16.8GB (79%) | it/s=4.51
2026-04-19 03:30:03,630 | INFO | [Monitor step=44300] temp=62C | gpu=99% | vram=4.7GB | clock=2917MHz (100%) | ram=13.2/16.8GB (79%) | it/s=4.51
2026-04-19 03:30:25,938 | INFO | [Monitor step=44400] temp=61C | gpu=98% | vram=4.7GB | clock=2917MHz (100%) | ram=13.2/16.8GB (79%) | it/s=4.50
2026-04-19 03:30:48,241 | INFO | [Monitor step=44500] temp=60C | gpu=99% | vram=4.7GB | clock=2917MHz (100%) | ram=13.2/16.8GB (79%) | it/s=4.51
2026-04-19 03:31:10,543 | INFO | [Monitor step=44600] temp=61C | gpu=99% | vram=4.7GB | clock=2917MHz (100%) | ram=13.3/16.8GB (79%) | it/s=4.51
2026-04-19 03:31:32,847 | INFO | [Monitor step=44700] temp=63C | gpu=99% | vram=4.7GB | clock=2917MHz (100%) | ram=13.3/16.8GB (79%) | it/s=4.49
2026-04-19 03:31:55,125 | INFO | [Monitor step=44800] temp=62C | gpu=99% | vram=4.7GB | clock=2917MHz (100%) | ram=13.3/16.8GB (79%) | it/s=4.50
2026-04-19 03:32:17,405 | INFO | [Monitor step=44900] temp=62C | gpu=98% | vram=4.7GB | clock=2917MHz (100%) | ram=13.3/16.8GB (79%) | it/s=4.50
2026-04-19 03:32:39,707 | INFO | [Monitor step=45000] temp=62C | gpu=98% | vram=4.7GB | clock=2917MHz (100%) | ram=13.3/16.8GB (79%) | it/s=4.51
2026-04-19 03:33:02,024 | INFO | [Monitor step=45100] temp=62C | gpu=100% | vram=4.7GB | clock=2917MHz (100%) | ram=13.5/16.8GB (80%) | it/s=4.51
2026-04-19 03:33:24,327 | INFO | [Monitor step=45200] temp=62C | gpu=99% | vram=4.7GB | clock=2917MHz (100%) | ram=13.3/16.8GB (79%) | it/s=4.51
2026-04-19 03:33:46,627 | INFO | [Monitor step=45300] temp=62C | gpu=99% | vram=4.7GB | clock=2917MHz (100%) | ram=13.0/16.8GB (77%) | it/s=4.51
2026-04-19 03:34:08,928 | INFO | [Monitor step=45400] temp=62C | gpu=99% | vram=4.7GB | clock=2917MHz (100%) | ram=13.0/16.8GB (78%) | it/s=4.52
2026-04-19 03:34:31,228 | INFO | [Monitor step=45500] temp=62C | gpu=99% | vram=4.7GB | clock=2917MHz (100%) | ram=13.0/16.8GB (78%) | it/s=4.51
2026-04-19 03:34:53,529 | INFO | [Monitor step=45600] temp=61C | gpu=99% | vram=4.7GB | clock=2917MHz (100%) | ram=13.0/16.8GB (78%) | it/s=4.51
2026-04-19 03:35:15,830 | INFO | [Monitor step=45700] temp=62C | gpu=99% | vram=4.7GB | clock=2917MHz (100%) | ram=13.1/16.8GB (78%) | it/s=4.51
2026-04-19 03:35:38,131 | INFO | [Monitor step=45800] temp=61C | gpu=99% | vram=4.7GB | clock=2917MHz (100%) | ram=13.1/16.8GB (78%) | it/s=4.50
2026-04-19 03:36:00,429 | INFO | [Monitor step=45900] temp=62C | gpu=98% | vram=4.7GB | clock=2917MHz (100%) | ram=13.1/16.8GB (78%) | it/s=4.50
2026-04-19 03:36:22,732 | INFO | [Monitor step=46000] temp=62C | gpu=99% | vram=4.7GB | clock=2917MHz (100%) | ram=13.1/16.8GB (78%) | it/s=4.50
2026-04-19 03:36:45,035 | INFO | [Monitor step=46100] temp=62C | gpu=99% | vram=4.7GB | clock=2917MHz (100%) | ram=13.1/16.8GB (78%) | it/s=4.50
2026-04-19 03:37:07,336 | INFO | [Monitor step=46200] temp=61C | gpu=99% | vram=4.7GB | clock=2917MHz (100%) | ram=13.1/16.8GB (78%) | it/s=4.52
2026-04-19 03:37:29,635 | INFO | [Monitor step=46300] temp=60C | gpu=95% | vram=4.7GB | clock=2917MHz (100%) | ram=13.1/16.8GB (78%) | it/s=4.51
2026-04-19 03:37:51,938 | INFO | [Monitor step=46400] temp=61C | gpu=99% | vram=4.7GB | clock=2917MHz (100%) | ram=13.1/16.8GB (78%) | it/s=4.51
2026-04-19 03:38:14,298 | INFO | [Monitor step=46500] temp=62C | gpu=98% | vram=4.7GB | clock=2917MHz (100%) | ram=13.1/16.8GB (78%) | it/s=4.33
2026-04-19 03:38:37,299 | INFO | [Monitor step=46600] temp=62C | gpu=98% | vram=4.7GB | clock=2917MHz (100%) | ram=13.1/16.8GB (78%) | it/s=4.46
2026-04-19 03:38:59,660 | INFO | [Monitor step=46700] temp=62C | gpu=100% | vram=4.7GB | clock=2917MHz (100%) | ram=13.1/16.8GB (78%) | it/s=4.51
2026-04-19 03:39:21,970 | INFO | [Monitor step=46800] temp=62C | gpu=99% | vram=4.7GB | clock=2917MHz (100%) | ram=13.2/16.8GB (78%) | it/s=4.50
2026-04-19 03:39:44,273 | INFO | [Monitor step=46900] temp=62C | gpu=98% | vram=4.7GB | clock=2917MHz (100%) | ram=13.2/16.8GB (78%) | it/s=4.51
2026-04-19 03:40:06,575 | INFO | [Monitor step=47000] temp=61C | gpu=98% | vram=4.7GB | clock=2917MHz (100%) | ram=13.2/16.8GB (78%) | it/s=4.50
2026-04-19 03:40:28,874 | INFO | [Monitor step=47100] temp=62C | gpu=100% | vram=4.7GB | clock=2917MHz (100%) | ram=13.2/16.8GB (79%) | it/s=4.51
2026-04-19 03:40:51,171 | INFO | [Monitor step=47200] temp=62C | gpu=100% | vram=4.7GB | clock=2917MHz (100%) | ram=13.2/16.8GB (79%) | it/s=4.51
2026-04-19 03:41:13,469 | INFO | [Monitor step=47300] temp=61C | gpu=99% | vram=4.7GB | clock=2917MHz (100%) | ram=13.2/16.8GB (79%) | it/s=4.51
2026-04-19 03:41:35,769 | INFO | [Monitor step=47400] temp=61C | gpu=98% | vram=4.7GB | clock=2917MHz (100%) | ram=13.2/16.8GB (79%) | it/s=4.51
2026-04-19 03:41:58,069 | INFO | [Monitor step=47500] temp=59C | gpu=98% | vram=4.7GB | clock=2917MHz (100%) | ram=13.2/16.8GB (79%) | it/s=4.51
2026-04-19 03:42:20,350 | INFO | [Monitor step=47600] temp=60C | gpu=98% | vram=4.7GB | clock=2917MHz (100%) | ram=13.2/16.8GB (79%) | it/s=4.51
2026-04-19 03:42:42,649 | INFO | [Monitor step=47700] temp=62C | gpu=99% | vram=4.7GB | clock=2917MHz (100%) | ram=13.2/16.8GB (79%) | it/s=4.51
2026-04-19 03:42:53,793 | INFO | Epoch 5 complete: train_loss=0.3297 | train_acc=99.64% | avg=4.51 it/s | time=35.5min
2026-04-19 03:42:53,960 | INFO |   Running validation...
2026-04-19 03:43:31,351 | INFO |   Val Accuracy:  99.13%
2026-04-19 03:43:31,351 | INFO |   Val F1:        99.13%
2026-04-19 03:43:31,352 | INFO |   Val Precision: 99.14%
2026-04-19 03:43:31,352 | INFO |   Val Recall:    99.13%
2026-04-19 03:43:31,352 | INFO |   Val Loss:      0.3377
2026-04-19 03:43:31,352 | INFO |   Train-Val Gap: 0.50%
2026-04-19 03:43:38,650 | INFO |   Checkpoint saved: ./models/vit-base-mrl-augmented-2\best_model
2026-04-19 03:43:38,650 | INFO |   New best: 99.13%
2026-04-19 03:43:38,651 | INFO | 
============================================================
EPOCH 6/15
============================================================
2026-04-19 03:43:50,258 | INFO | [Monitor step=47800] temp=60C | gpu=98% | vram=4.7GB | clock=2917MHz (100%) | ram=13.0/16.8GB (78%) | it/s=4.50
2026-04-19 03:44:12,556 | INFO | [Monitor step=47900] temp=61C | gpu=98% | vram=4.7GB | clock=2917MHz (100%) | ram=12.9/16.8GB (77%) | it/s=4.51
2026-04-19 03:44:34,848 | INFO | [Monitor step=48000] temp=59C | gpu=98% | vram=4.7GB | clock=2917MHz (100%) | ram=12.9/16.8GB (77%) | it/s=4.51
2026-04-19 03:44:57,125 | INFO | [Monitor step=48100] temp=62C | gpu=100% | vram=4.7GB | clock=2917MHz (100%) | ram=13.0/16.8GB (78%) | it/s=4.51
2026-04-19 03:45:19,422 | INFO | [Monitor step=48200] temp=62C | gpu=100% | vram=4.7GB | clock=2917MHz (100%) | ram=13.0/16.8GB (78%) | it/s=4.51
2026-04-19 03:45:41,720 | INFO | [Monitor step=48300] temp=62C | gpu=99% | vram=4.7GB | clock=2917MHz (100%) | ram=13.0/16.8GB (77%) | it/s=4.51
2026-04-19 03:46:04,016 | INFO | [Monitor step=48400] temp=62C | gpu=98% | vram=4.7GB | clock=2917MHz (100%) | ram=12.9/16.8GB (77%) | it/s=4.51
2026-04-19 03:46:26,313 | INFO | [Monitor step=48500] temp=62C | gpu=98% | vram=4.7GB | clock=2917MHz (100%) | ram=13.0/16.8GB (78%) | it/s=4.51
2026-04-19 03:46:48,611 | INFO | [Monitor step=48600] temp=63C | gpu=100% | vram=4.7GB | clock=2917MHz (100%) | ram=13.0/16.8GB (78%) | it/s=4.51
2026-04-19 03:47:10,917 | INFO | [Monitor step=48700] temp=63C | gpu=100% | vram=4.7GB | clock=2917MHz (100%) | ram=13.0/16.8GB (78%) | it/s=4.52
2026-04-19 03:47:33,222 | INFO | [Monitor step=48800] temp=62C | gpu=99% | vram=4.7GB | clock=2917MHz (100%) | ram=13.0/16.8GB (78%) | it/s=4.50
2026-04-19 03:47:55,523 | INFO | [Monitor step=48900] temp=62C | gpu=97% | vram=4.7GB | clock=2917MHz (100%) | ram=13.0/16.8GB (78%) | it/s=4.50
2026-04-19 03:48:17,828 | INFO | [Monitor step=49000] temp=62C | gpu=98% | vram=4.7GB | clock=2917MHz (100%) | ram=13.0/16.8GB (78%) | it/s=4.50
2026-04-19 03:48:40,132 | INFO | [Monitor step=49100] temp=62C | gpu=100% | vram=4.7GB | clock=2917MHz (100%) | ram=13.0/16.8GB (78%) | it/s=4.50
2026-04-19 03:49:02,441 | INFO | [Monitor step=49200] temp=62C | gpu=99% | vram=4.7GB | clock=2917MHz (100%) | ram=13.0/16.8GB (78%) | it/s=4.50
2026-04-19 03:49:24,753 | INFO | [Monitor step=49300] temp=62C | gpu=98% | vram=4.7GB | clock=2910MHz (99%) | ram=13.0/16.8GB (78%) | it/s=4.51
2026-04-19 03:49:47,061 | INFO | [Monitor step=49400] temp=62C | gpu=98% | vram=4.7GB | clock=2917MHz (100%) | ram=13.0/16.8GB (78%) | it/s=4.51
2026-04-19 03:50:09,372 | INFO | [Monitor step=49500] temp=59C | gpu=98% | vram=4.7GB | clock=2917MHz (100%) | ram=13.0/16.8GB (78%) | it/s=4.51
2026-04-19 03:50:31,681 | INFO | [Monitor step=49600] temp=62C | gpu=99% | vram=4.7GB | clock=2917MHz (100%) | ram=13.0/16.8GB (78%) | it/s=4.51
2026-04-19 03:50:53,989 | INFO | [Monitor step=49700] temp=62C | gpu=99% | vram=4.7GB | clock=2917MHz (100%) | ram=13.0/16.8GB (78%) | it/s=4.51
2026-04-19 03:51:16,278 | INFO | [Monitor step=49800] temp=62C | gpu=99% | vram=4.7GB | clock=2917MHz (100%) | ram=13.1/16.8GB (78%) | it/s=4.51
2026-04-19 03:51:38,585 | INFO | [Monitor step=49900] temp=62C | gpu=99% | vram=4.7GB | clock=2917MHz (100%) | ram=13.1/16.8GB (78%) | it/s=4.50
2026-04-19 03:52:00,894 | INFO | [Monitor step=50000] temp=61C | gpu=99% | vram=4.7GB | clock=2917MHz (100%) | ram=13.1/16.8GB (78%) | it/s=4.50
2026-04-19 03:52:23,184 | INFO | [Monitor step=50100] temp=62C | gpu=98% | vram=4.7GB | clock=2917MHz (100%) | ram=13.1/16.8GB (78%) | it/s=4.50
2026-04-19 03:52:45,491 | INFO | [Monitor step=50200] temp=61C | gpu=99% | vram=4.7GB | clock=2917MHz (100%) | ram=13.1/16.8GB (78%) | it/s=4.50
2026-04-19 03:53:07,798 | INFO | [Monitor step=50300] temp=62C | gpu=100% | vram=4.7GB | clock=2917MHz (100%) | ram=13.0/16.8GB (78%) | it/s=4.50
2026-04-19 03:53:30,100 | INFO | [Monitor step=50400] temp=61C | gpu=99% | vram=4.7GB | clock=2917MHz (100%) | ram=13.1/16.8GB (78%) | it/s=4.51
2026-04-19 03:53:52,406 | INFO | [Monitor step=50500] temp=62C | gpu=97% | vram=4.7GB | clock=2917MHz (100%) | ram=13.0/16.8GB (78%) | it/s=4.51
2026-04-19 03:54:14,708 | INFO | [Monitor step=50600] temp=60C | gpu=99% | vram=4.7GB | clock=2917MHz (100%) | ram=13.1/16.8GB (78%) | it/s=4.51
2026-04-19 03:54:37,011 | INFO | [Monitor step=50700] temp=62C | gpu=100% | vram=4.7GB | clock=2917MHz (100%) | ram=13.1/16.8GB (78%) | it/s=4.51
2026-04-19 03:54:59,317 | INFO | [Monitor step=50800] temp=62C | gpu=100% | vram=4.7GB | clock=2917MHz (100%) | ram=13.1/16.8GB (78%) | it/s=4.51
2026-04-19 03:55:21,623 | INFO | [Monitor step=50900] temp=61C | gpu=99% | vram=4.7GB | clock=2917MHz (100%) | ram=13.1/16.8GB (78%) | it/s=4.51
2026-04-19 03:55:43,928 | INFO | [Monitor step=51000] temp=62C | gpu=98% | vram=4.7GB | clock=2917MHz (100%) | ram=13.1/16.8GB (78%) | it/s=4.51
2026-04-19 03:56:06,231 | INFO | [Monitor step=51100] temp=62C | gpu=100% | vram=4.7GB | clock=2917MHz (100%) | ram=13.1/16.8GB (78%) | it/s=4.51
2026-04-19 03:56:28,536 | INFO | [Monitor step=51200] temp=62C | gpu=100% | vram=4.7GB | clock=2917MHz (100%) | ram=13.1/16.8GB (78%) | it/s=4.50
2026-04-19 03:56:50,837 | INFO | [Monitor step=51300] temp=62C | gpu=98% | vram=4.7GB | clock=2917MHz (100%) | ram=13.1/16.8GB (78%) | it/s=4.50
2026-04-19 03:57:13,141 | INFO | [Monitor step=51400] temp=62C | gpu=97% | vram=4.7GB | clock=2917MHz (100%) | ram=13.1/16.8GB (78%) | it/s=4.50
2026-04-19 03:57:35,445 | INFO | [Monitor step=51500] temp=62C | gpu=98% | vram=4.7GB | clock=2917MHz (100%) | ram=13.1/16.8GB (78%) | it/s=4.50
2026-04-19 03:57:57,750 | INFO | [Monitor step=51600] temp=62C | gpu=100% | vram=4.7GB | clock=2917MHz (100%) | ram=13.1/16.8GB (78%) | it/s=4.51
2026-04-19 03:58:20,051 | INFO | [Monitor step=51700] temp=62C | gpu=100% | vram=4.7GB | clock=2917MHz (100%) | ram=13.1/16.8GB (78%) | it/s=4.51
2026-04-19 03:58:42,355 | INFO | [Monitor step=51800] temp=62C | gpu=99% | vram=4.7GB | clock=2917MHz (100%) | ram=13.1/16.8GB (78%) | it/s=4.51
2026-04-19 03:59:04,660 | INFO | [Monitor step=51900] temp=62C | gpu=98% | vram=4.7GB | clock=2917MHz (100%) | ram=13.1/16.8GB (78%) | it/s=4.51
2026-04-19 03:59:26,966 | INFO | [Monitor step=52000] temp=62C | gpu=99% | vram=4.7GB | clock=2917MHz (100%) | ram=13.1/16.8GB (78%) | it/s=4.51
2026-04-19 03:59:49,273 | INFO | [Monitor step=52100] temp=62C | gpu=100% | vram=4.7GB | clock=2910MHz (99%) | ram=13.1/16.8GB (78%) | it/s=4.51
2026-04-19 04:00:11,577 | INFO | [Monitor step=52200] temp=62C | gpu=97% | vram=4.7GB | clock=2917MHz (100%) | ram=13.1/16.8GB (78%) | it/s=4.51
2026-04-19 04:00:33,880 | INFO | [Monitor step=52300] temp=61C | gpu=99% | vram=4.7GB | clock=2917MHz (100%) | ram=13.1/16.8GB (78%) | it/s=4.51
2026-04-19 04:00:56,180 | INFO | [Monitor step=52400] temp=62C | gpu=99% | vram=4.7GB | clock=2917MHz (100%) | ram=13.1/16.8GB (78%) | it/s=4.51
2026-04-19 04:01:18,483 | INFO | [Monitor step=52500] temp=62C | gpu=99% | vram=4.7GB | clock=2917MHz (100%) | ram=13.1/16.8GB (78%) | it/s=4.50
2026-04-19 04:01:40,785 | INFO | [Monitor step=52600] temp=62C | gpu=100% | vram=4.7GB | clock=2917MHz (100%) | ram=13.1/16.8GB (78%) | it/s=4.50
2026-04-19 04:02:03,088 | INFO | [Monitor step=52700] temp=62C | gpu=99% | vram=4.7GB | clock=2917MHz (100%) | ram=13.1/16.8GB (78%) | it/s=4.50
2026-04-19 04:02:25,370 | INFO | [Monitor step=52800] temp=62C | gpu=99% | vram=4.7GB | clock=2917MHz (100%) | ram=13.1/16.8GB (78%) | it/s=4.50
2026-04-19 04:02:47,676 | INFO | [Monitor step=52900] temp=62C | gpu=99% | vram=4.7GB | clock=2917MHz (100%) | ram=13.1/16.8GB (78%) | it/s=4.51
2026-04-19 04:03:09,989 | INFO | [Monitor step=53000] temp=62C | gpu=98% | vram=4.7GB | clock=2917MHz (100%) | ram=13.1/16.8GB (78%) | it/s=4.50
2026-04-19 04:03:32,293 | INFO | [Monitor step=53100] temp=62C | gpu=99% | vram=4.7GB | clock=2917MHz (100%) | ram=13.1/16.8GB (78%) | it/s=4.51
2026-04-19 04:03:54,596 | INFO | [Monitor step=53200] temp=61C | gpu=99% | vram=4.7GB | clock=2917MHz (100%) | ram=12.8/16.8GB (76%) | it/s=4.51
2026-04-19 04:04:16,898 | INFO | [Monitor step=53300] temp=61C | gpu=99% | vram=4.7GB | clock=2917MHz (100%) | ram=12.8/16.8GB (76%) | it/s=4.51
2026-04-19 04:04:39,197 | INFO | [Monitor step=53400] temp=62C | gpu=98% | vram=4.7GB | clock=2917MHz (100%) | ram=12.8/16.8GB (76%) | it/s=4.51
2026-04-19 04:05:01,480 | INFO | [Monitor step=53500] temp=62C | gpu=99% | vram=4.7GB | clock=2917MHz (100%) | ram=12.9/16.8GB (77%) | it/s=4.51
2026-04-19 04:05:23,777 | INFO | [Monitor step=53600] temp=62C | gpu=98% | vram=4.7GB | clock=2917MHz (100%) | ram=12.9/16.8GB (77%) | it/s=4.51
2026-04-19 04:05:46,074 | INFO | [Monitor step=53700] temp=62C | gpu=99% | vram=4.7GB | clock=2917MHz (100%) | ram=12.9/16.8GB (77%) | it/s=4.51
2026-04-19 04:06:08,378 | INFO | [Monitor step=53800] temp=62C | gpu=100% | vram=4.7GB | clock=2917MHz (100%) | ram=12.9/16.8GB (77%) | it/s=4.51
2026-04-19 04:06:30,681 | INFO | [Monitor step=53900] temp=62C | gpu=99% | vram=4.7GB | clock=2917MHz (100%) | ram=12.9/16.8GB (77%) | it/s=4.50
2026-04-19 04:06:52,981 | INFO | [Monitor step=54000] temp=62C | gpu=98% | vram=4.7GB | clock=2917MHz (100%) | ram=12.9/16.8GB (77%) | it/s=4.50
2026-04-19 04:07:15,284 | INFO | [Monitor step=54100] temp=63C | gpu=98% | vram=4.7GB | clock=2917MHz (100%) | ram=12.9/16.8GB (77%) | it/s=4.50
2026-04-19 04:07:37,588 | INFO | [Monitor step=54200] temp=62C | gpu=99% | vram=4.7GB | clock=2917MHz (100%) | ram=12.8/16.8GB (76%) | it/s=4.51
2026-04-19 04:07:59,898 | INFO | [Monitor step=54300] temp=63C | gpu=100% | vram=4.7GB | clock=2917MHz (100%) | ram=12.7/16.8GB (76%) | it/s=4.51
2026-04-19 04:08:22,206 | INFO | [Monitor step=54400] temp=62C | gpu=99% | vram=4.7GB | clock=2917MHz (100%) | ram=12.7/16.8GB (76%) | it/s=4.50
2026-04-19 04:08:44,514 | INFO | [Monitor step=54500] temp=62C | gpu=98% | vram=4.7GB | clock=2917MHz (100%) | ram=12.8/16.8GB (76%) | it/s=4.51
2026-04-19 04:09:06,819 | INFO | [Monitor step=54600] temp=62C | gpu=98% | vram=4.7GB | clock=2917MHz (100%) | ram=12.7/16.8GB (76%) | it/s=4.52
2026-04-19 04:09:29,146 | INFO | [Monitor step=54700] temp=61C | gpu=99% | vram=4.7GB | clock=2917MHz (100%) | ram=12.8/16.8GB (76%) | it/s=4.53
2026-04-19 04:09:51,451 | INFO | [Monitor step=54800] temp=62C | gpu=100% | vram=4.7GB | clock=2917MHz (100%) | ram=12.8/16.8GB (76%) | it/s=4.51
2026-04-19 04:10:13,759 | INFO | [Monitor step=54900] temp=62C | gpu=98% | vram=4.7GB | clock=2917MHz (100%) | ram=12.8/16.8GB (76%) | it/s=4.50
2026-04-19 04:10:36,058 | INFO | [Monitor step=55000] temp=62C | gpu=98% | vram=4.7GB | clock=2917MHz (100%) | ram=12.8/16.8GB (77%) | it/s=4.50
2026-04-19 04:10:58,359 | INFO | [Monitor step=55100] temp=62C | gpu=100% | vram=4.7GB | clock=2917MHz (100%) | ram=12.9/16.8GB (77%) | it/s=4.50
2026-04-19 04:11:20,662 | INFO | [Monitor step=55200] temp=62C | gpu=100% | vram=4.7GB | clock=2917MHz (100%) | ram=12.9/16.8GB (77%) | it/s=4.50
2026-04-19 04:11:42,963 | INFO | [Monitor step=55300] temp=62C | gpu=100% | vram=4.7GB | clock=2917MHz (100%) | ram=12.9/16.8GB (77%) | it/s=4.51
2026-04-19 04:12:05,270 | INFO | [Monitor step=55400] temp=62C | gpu=97% | vram=4.7GB | clock=2917MHz (100%) | ram=12.9/16.8GB (77%) | it/s=4.51
2026-04-19 04:12:27,553 | INFO | [Monitor step=55500] temp=62C | gpu=97% | vram=4.7GB | clock=2917MHz (100%) | ram=12.9/16.8GB (77%) | it/s=4.51
2026-04-19 04:12:49,859 | INFO | [Monitor step=55600] temp=62C | gpu=99% | vram=4.7GB | clock=2917MHz (100%) | ram=13.0/16.8GB (77%) | it/s=4.51
2026-04-19 04:13:12,161 | INFO | [Monitor step=55700] temp=62C | gpu=100% | vram=4.7GB | clock=2917MHz (100%) | ram=13.0/16.8GB (78%) | it/s=4.51
2026-04-19 04:13:34,469 | INFO | [Monitor step=55800] temp=62C | gpu=100% | vram=4.7GB | clock=2917MHz (100%) | ram=13.0/16.8GB (78%) | it/s=4.51
2026-04-19 04:13:56,771 | INFO | [Monitor step=55900] temp=62C | gpu=98% | vram=4.7GB | clock=2917MHz (100%) | ram=13.0/16.8GB (78%) | it/s=4.51
2026-04-19 04:14:19,075 | INFO | [Monitor step=56000] temp=62C | gpu=98% | vram=4.7GB | clock=2917MHz (100%) | ram=13.0/16.8GB (78%) | it/s=4.51
2026-04-19 04:14:41,381 | INFO | [Monitor step=56100] temp=62C | gpu=100% | vram=4.7GB | clock=2917MHz (100%) | ram=13.0/16.8GB (78%) | it/s=4.50
2026-04-19 04:15:03,685 | INFO | [Monitor step=56200] temp=62C | gpu=100% | vram=4.7GB | clock=2917MHz (100%) | ram=13.1/16.8GB (78%) | it/s=4.50
2026-04-19 04:15:25,986 | INFO | [Monitor step=56300] temp=62C | gpu=99% | vram=4.7GB | clock=2917MHz (100%) | ram=13.1/16.8GB (78%) | it/s=4.50
2026-04-19 04:15:48,290 | INFO | [Monitor step=56400] temp=62C | gpu=97% | vram=4.7GB | clock=2917MHz (100%) | ram=13.1/16.8GB (78%) | it/s=4.50
2026-04-19 04:16:10,594 | INFO | [Monitor step=56500] temp=62C | gpu=98% | vram=4.7GB | clock=2917MHz (100%) | ram=13.1/16.8GB (78%) | it/s=4.50
2026-04-19 04:16:32,896 | INFO | [Monitor step=56600] temp=62C | gpu=100% | vram=4.7GB | clock=2917MHz (100%) | ram=13.1/16.8GB (78%) | it/s=4.51
2026-04-19 04:16:55,197 | INFO | [Monitor step=56700] temp=62C | gpu=100% | vram=4.7GB | clock=2917MHz (100%) | ram=13.1/16.8GB (78%) | it/s=4.51
2026-04-19 04:17:17,498 | INFO | [Monitor step=56800] temp=61C | gpu=99% | vram=4.7GB | clock=2917MHz (100%) | ram=13.1/16.8GB (78%) | it/s=4.52
2026-04-19 04:17:39,797 | INFO | [Monitor step=56900] temp=62C | gpu=98% | vram=4.7GB | clock=2917MHz (100%) | ram=13.2/16.8GB (78%) | it/s=4.51
2026-04-19 04:18:02,098 | INFO | [Monitor step=57000] temp=62C | gpu=98% | vram=4.7GB | clock=2917MHz (100%) | ram=13.2/16.8GB (79%) | it/s=4.51
2026-04-19 04:18:24,399 | INFO | [Monitor step=57100] temp=62C | gpu=98% | vram=4.7GB | clock=2917MHz (100%) | ram=13.2/16.8GB (79%) | it/s=4.51
2026-04-19 04:18:46,702 | INFO | [Monitor step=57200] temp=62C | gpu=98% | vram=4.7GB | clock=2917MHz (100%) | ram=13.2/16.8GB (79%) | it/s=4.51
2026-04-19 04:19:09,010 | INFO | [Monitor step=57300] temp=62C | gpu=100% | vram=4.7GB | clock=2917MHz (100%) | ram=13.2/16.8GB (79%) | it/s=4.51
2026-04-19 04:19:09,012 | INFO | Epoch 6 complete: train_loss=0.3285 | train_acc=99.74% | avg=4.51 it/s | time=35.5min
2026-04-19 04:19:09,178 | INFO |   Running validation...
2026-04-19 04:19:46,543 | INFO |   Val Accuracy:  99.09%
2026-04-19 04:19:46,543 | INFO |   Val F1:        99.09%
2026-04-19 04:19:46,544 | INFO |   Val Precision: 99.09%
2026-04-19 04:19:46,544 | INFO |   Val Recall:    99.09%
2026-04-19 04:19:46,544 | INFO |   Val Loss:      0.3375
2026-04-19 04:19:46,544 | INFO |   Train-Val Gap: 0.66%
2026-04-19 04:19:46,544 | INFO |   No improvement. Patience: 1/15
2026-04-19 04:19:46,545 | INFO | 
============================================================
EPOCH 7/15
============================================================
2026-04-19 04:20:08,922 | INFO | [Monitor step=57400] temp=62C | gpu=98% | vram=4.7GB | clock=2917MHz (100%) | ram=13.0/16.8GB (78%) | it/s=4.50
2026-04-19 04:20:31,226 | INFO | [Monitor step=57500] temp=61C | gpu=99% | vram=4.7GB | clock=2917MHz (100%) | ram=13.1/16.8GB (78%) | it/s=4.50
2026-04-19 04:20:53,530 | INFO | [Monitor step=57600] temp=62C | gpu=99% | vram=4.7GB | clock=2917MHz (100%) | ram=13.1/16.8GB (78%) | it/s=4.50
2026-04-19 04:21:15,835 | INFO | [Monitor step=57700] temp=60C | gpu=99% | vram=4.7GB | clock=2917MHz (100%) | ram=13.1/16.8GB (78%) | it/s=4.50
2026-04-19 04:21:38,135 | INFO | [Monitor step=57800] temp=62C | gpu=99% | vram=4.7GB | clock=2917MHz (100%) | ram=13.1/16.8GB (78%) | it/s=4.50
2026-04-19 04:22:00,439 | INFO | [Monitor step=57900] temp=62C | gpu=99% | vram=4.7GB | clock=2917MHz (100%) | ram=13.1/16.8GB (78%) | it/s=4.51
2026-04-19 04:22:22,721 | INFO | [Monitor step=58000] temp=62C | gpu=99% | vram=4.7GB | clock=2917MHz (100%) | ram=13.1/16.8GB (78%) | it/s=4.51
2026-04-19 04:22:45,021 | INFO | [Monitor step=58100] temp=62C | gpu=98% | vram=4.7GB | clock=2917MHz (100%) | ram=13.1/16.8GB (78%) | it/s=4.51
2026-04-19 04:23:07,325 | INFO | [Monitor step=58200] temp=62C | gpu=98% | vram=4.7GB | clock=2917MHz (100%) | ram=13.1/16.8GB (78%) | it/s=4.51
2026-04-19 04:23:29,627 | INFO | [Monitor step=58300] temp=62C | gpu=100% | vram=4.7GB | clock=2917MHz (100%) | ram=13.1/16.8GB (78%) | it/s=4.51
2026-04-19 04:23:51,927 | INFO | [Monitor step=58400] temp=62C | gpu=99% | vram=4.7GB | clock=2917MHz (100%) | ram=13.1/16.8GB (78%) | it/s=4.51
2026-04-19 04:24:14,232 | INFO | [Monitor step=58500] temp=60C | gpu=99% | vram=4.7GB | clock=2917MHz (100%) | ram=13.1/16.8GB (78%) | it/s=4.51
2026-04-19 04:24:36,535 | INFO | [Monitor step=58600] temp=62C | gpu=99% | vram=4.7GB | clock=2917MHz (100%) | ram=13.1/16.8GB (78%) | it/s=4.52
2026-04-19 04:24:58,840 | INFO | [Monitor step=58700] temp=61C | gpu=99% | vram=4.7GB | clock=2917MHz (100%) | ram=13.1/16.8GB (78%) | it/s=4.50
2026-04-19 04:25:21,143 | INFO | [Monitor step=58800] temp=62C | gpu=98% | vram=4.7GB | clock=2917MHz (100%) | ram=13.1/16.8GB (78%) | it/s=4.50
2026-04-19 04:25:43,446 | INFO | [Monitor step=58900] temp=59C | gpu=99% | vram=4.7GB | clock=2917MHz (100%) | ram=13.1/16.8GB (78%) | it/s=4.50
2026-04-19 04:26:05,754 | INFO | [Monitor step=59000] temp=62C | gpu=99% | vram=4.7GB | clock=2917MHz (100%) | ram=13.1/16.8GB (78%) | it/s=4.50
2026-04-19 04:26:28,059 | INFO | [Monitor step=59100] temp=62C | gpu=99% | vram=4.7GB | clock=2917MHz (100%) | ram=13.2/16.8GB (78%) | it/s=4.51
2026-04-19 04:26:50,364 | INFO | [Monitor step=59200] temp=61C | gpu=98% | vram=4.7GB | clock=2917MHz (100%) | ram=13.2/16.8GB (78%) | it/s=4.51
2026-04-19 04:27:12,675 | INFO | [Monitor step=59300] temp=61C | gpu=99% | vram=4.7GB | clock=2917MHz (100%) | ram=13.2/16.8GB (78%) | it/s=4.51
2026-04-19 04:27:34,979 | INFO | [Monitor step=59400] temp=62C | gpu=100% | vram=4.7GB | clock=2917MHz (100%) | ram=13.2/16.8GB (79%) | it/s=4.51
2026-04-19 04:27:57,288 | INFO | [Monitor step=59500] temp=62C | gpu=100% | vram=4.7GB | clock=2917MHz (100%) | ram=13.2/16.8GB (79%) | it/s=4.51
2026-04-19 04:28:19,600 | INFO | [Monitor step=59600] temp=61C | gpu=97% | vram=4.7GB | clock=2917MHz (100%) | ram=13.2/16.8GB (79%) | it/s=4.51
2026-04-19 04:28:41,908 | INFO | [Monitor step=59700] temp=62C | gpu=99% | vram=4.7GB | clock=2917MHz (100%) | ram=13.2/16.8GB (79%) | it/s=4.51
2026-04-19 04:29:04,219 | INFO | [Monitor step=59800] temp=62C | gpu=100% | vram=4.7GB | clock=2917MHz (100%) | ram=13.2/16.8GB (79%) | it/s=4.50
2026-04-19 04:29:26,526 | INFO | [Monitor step=59900] temp=62C | gpu=100% | vram=4.7GB | clock=2917MHz (100%) | ram=13.2/16.8GB (79%) | it/s=4.50
2026-04-19 04:29:48,833 | INFO | [Monitor step=60000] temp=57C | gpu=99% | vram=4.7GB | clock=2917MHz (100%) | ram=13.2/16.8GB (79%) | it/s=4.50
2026-04-19 04:30:11,139 | INFO | [Monitor step=60100] temp=61C | gpu=99% | vram=4.7GB | clock=2917MHz (100%) | ram=13.2/16.8GB (79%) | it/s=4.50
2026-04-19 04:30:33,443 | INFO | [Monitor step=60200] temp=62C | gpu=99% | vram=4.7GB | clock=2917MHz (100%) | ram=13.2/16.8GB (79%) | it/s=4.51
2026-04-19 04:30:55,749 | INFO | [Monitor step=60300] temp=62C | gpu=98% | vram=4.7GB | clock=2917MHz (100%) | ram=13.2/16.8GB (79%) | it/s=4.51
2026-04-19 04:31:18,053 | INFO | [Monitor step=60400] temp=62C | gpu=99% | vram=4.7GB | clock=2917MHz (100%) | ram=13.2/16.8GB (79%) | it/s=4.51
2026-04-19 04:31:40,336 | INFO | [Monitor step=60500] temp=62C | gpu=100% | vram=4.7GB | clock=2917MHz (100%) | ram=13.3/16.8GB (79%) | it/s=4.51
2026-04-19 04:32:02,642 | INFO | [Monitor step=60600] temp=62C | gpu=99% | vram=4.7GB | clock=2917MHz (100%) | ram=13.2/16.8GB (79%) | it/s=4.50
2026-04-19 04:32:24,924 | INFO | [Monitor step=60700] temp=62C | gpu=99% | vram=4.7GB | clock=2917MHz (100%) | ram=13.2/16.8GB (79%) | it/s=4.51
2026-04-19 04:32:47,230 | INFO | [Monitor step=60800] temp=62C | gpu=98% | vram=4.7GB | clock=2917MHz (100%) | ram=13.2/16.8GB (79%) | it/s=4.51
2026-04-19 04:33:09,539 | INFO | [Monitor step=60900] temp=62C | gpu=99% | vram=4.7GB | clock=2917MHz (100%) | ram=13.2/16.8GB (79%) | it/s=4.51
2026-04-19 04:33:31,840 | INFO | [Monitor step=61000] temp=63C | gpu=100% | vram=4.7GB | clock=2917MHz (100%) | ram=13.3/16.8GB (79%) | it/s=4.51
2026-04-19 04:33:54,138 | INFO | [Monitor step=61100] temp=62C | gpu=99% | vram=4.7GB | clock=2917MHz (100%) | ram=13.3/16.8GB (79%) | it/s=4.51
2026-04-19 04:34:16,440 | INFO | [Monitor step=61200] temp=62C | gpu=99% | vram=4.7GB | clock=2917MHz (100%) | ram=13.2/16.8GB (79%) | it/s=4.50
2026-04-19 04:34:38,741 | INFO | [Monitor step=61300] temp=62C | gpu=98% | vram=4.7GB | clock=2917MHz (100%) | ram=13.3/16.8GB (79%) | it/s=4.51
2026-04-19 04:35:01,043 | INFO | [Monitor step=61400] temp=62C | gpu=99% | vram=4.7GB | clock=2917MHz (100%) | ram=13.3/16.8GB (79%) | it/s=4.48
2026-04-19 04:35:23,344 | INFO | [Monitor step=61500] temp=62C | gpu=100% | vram=4.7GB | clock=2917MHz (100%) | ram=13.3/16.8GB (79%) | it/s=4.50
2026-04-19 04:35:45,645 | INFO | [Monitor step=61600] temp=62C | gpu=99% | vram=4.7GB | clock=2917MHz (100%) | ram=13.3/16.8GB (79%) | it/s=4.51
2026-04-19 04:36:07,950 | INFO | [Monitor step=61700] temp=62C | gpu=99% | vram=4.7GB | clock=2917MHz (100%) | ram=13.3/16.8GB (79%) | it/s=4.51
2026-04-19 04:36:30,249 | INFO | [Monitor step=61800] temp=62C | gpu=98% | vram=4.7GB | clock=2917MHz (100%) | ram=13.3/16.8GB (79%) | it/s=4.51
2026-04-19 04:36:52,551 | INFO | [Monitor step=61900] temp=62C | gpu=99% | vram=4.7GB | clock=2917MHz (100%) | ram=13.3/16.8GB (79%) | it/s=4.51
2026-04-19 04:37:14,854 | INFO | [Monitor step=62000] temp=62C | gpu=100% | vram=4.7GB | clock=2917MHz (100%) | ram=13.3/16.8GB (79%) | it/s=4.51
2026-04-19 04:37:37,158 | INFO | [Monitor step=62100] temp=61C | gpu=99% | vram=4.7GB | clock=2917MHz (100%) | ram=13.3/16.8GB (79%) | it/s=4.51
2026-04-19 04:37:59,461 | INFO | [Monitor step=62200] temp=62C | gpu=99% | vram=4.7GB | clock=2917MHz (100%) | ram=13.2/16.8GB (79%) | it/s=4.51
2026-04-19 04:38:21,766 | INFO | [Monitor step=62300] temp=62C | gpu=98% | vram=4.7GB | clock=2917MHz (100%) | ram=13.2/16.8GB (79%) | it/s=4.50
2026-04-19 04:38:44,069 | INFO | [Monitor step=62400] temp=61C | gpu=99% | vram=4.7GB | clock=2917MHz (100%) | ram=13.2/16.8GB (79%) | it/s=4.50
2026-04-19 04:39:06,369 | INFO | [Monitor step=62500] temp=62C | gpu=99% | vram=4.7GB | clock=2917MHz (100%) | ram=13.2/16.8GB (79%) | it/s=4.50
2026-04-19 04:39:28,669 | INFO | [Monitor step=62600] temp=62C | gpu=99% | vram=4.7GB | clock=2917MHz (100%) | ram=13.2/16.8GB (79%) | it/s=4.51
2026-04-19 04:39:50,968 | INFO | [Monitor step=62700] temp=61C | gpu=98% | vram=4.7GB | clock=2917MHz (100%) | ram=13.2/16.8GB (79%) | it/s=4.50
2026-04-19 04:40:13,268 | INFO | [Monitor step=62800] temp=62C | gpu=98% | vram=4.7GB | clock=2917MHz (100%) | ram=13.2/16.8GB (79%) | it/s=4.50
2026-04-19 04:40:35,567 | INFO | [Monitor step=62900] temp=61C | gpu=98% | vram=4.7GB | clock=2917MHz (100%) | ram=13.2/16.8GB (79%) | it/s=4.51
2026-04-19 04:40:57,865 | INFO | [Monitor step=63000] temp=62C | gpu=100% | vram=4.7GB | clock=2917MHz (100%) | ram=13.2/16.8GB (79%) | it/s=4.51
2026-04-19 04:41:20,170 | INFO | [Monitor step=63100] temp=62C | gpu=99% | vram=4.7GB | clock=2917MHz (100%) | ram=13.3/16.8GB (79%) | it/s=4.51
2026-04-19 04:41:42,470 | INFO | [Monitor step=63200] temp=62C | gpu=99% | vram=4.7GB | clock=2917MHz (100%) | ram=13.3/16.8GB (79%) | it/s=4.51
2026-04-19 04:42:04,774 | INFO | [Monitor step=63300] temp=62C | gpu=98% | vram=4.7GB | clock=2917MHz (100%) | ram=13.2/16.8GB (79%) | it/s=4.51
2026-04-19 04:42:27,055 | INFO | [Monitor step=63400] temp=62C | gpu=99% | vram=4.7GB | clock=2917MHz (100%) | ram=13.3/16.8GB (79%) | it/s=4.51
2026-04-19 04:42:49,359 | INFO | [Monitor step=63500] temp=63C | gpu=100% | vram=4.7GB | clock=2917MHz (100%) | ram=13.3/16.8GB (79%) | it/s=4.51
2026-04-19 04:43:11,662 | INFO | [Monitor step=63600] temp=62C | gpu=99% | vram=4.7GB | clock=2917MHz (100%) | ram=13.3/16.8GB (79%) | it/s=4.51
2026-04-19 04:43:33,966 | INFO | [Monitor step=63700] temp=62C | gpu=99% | vram=4.7GB | clock=2917MHz (100%) | ram=13.3/16.8GB (79%) | it/s=4.50
2026-04-19 04:43:56,268 | INFO | [Monitor step=63800] temp=62C | gpu=99% | vram=4.7GB | clock=2917MHz (100%) | ram=13.3/16.8GB (79%) | it/s=4.50
2026-04-19 04:44:18,566 | INFO | [Monitor step=63900] temp=62C | gpu=98% | vram=4.7GB | clock=2917MHz (100%) | ram=13.3/16.8GB (79%) | it/s=4.51
2026-04-19 04:44:40,867 | INFO | [Monitor step=64000] temp=62C | gpu=100% | vram=4.7GB | clock=2917MHz (100%) | ram=13.3/16.8GB (79%) | it/s=4.50
2026-04-19 04:45:03,167 | INFO | [Monitor step=64100] temp=61C | gpu=98% | vram=4.7GB | clock=2917MHz (100%) | ram=13.3/16.8GB (79%) | it/s=4.51
2026-04-19 04:45:25,470 | INFO | [Monitor step=64200] temp=59C | gpu=99% | vram=4.7GB | clock=2917MHz (100%) | ram=13.3/16.8GB (79%) | it/s=4.51
2026-04-19 04:45:47,770 | INFO | [Monitor step=64300] temp=62C | gpu=99% | vram=4.7GB | clock=2917MHz (100%) | ram=13.3/16.8GB (79%) | it/s=4.51
2026-04-19 04:46:10,072 | INFO | [Monitor step=64400] temp=62C | gpu=99% | vram=4.7GB | clock=2917MHz (100%) | ram=13.3/16.8GB (79%) | it/s=4.51
2026-04-19 04:46:32,373 | INFO | [Monitor step=64500] temp=62C | gpu=99% | vram=4.7GB | clock=2917MHz (100%) | ram=13.3/16.8GB (79%) | it/s=4.51
2026-04-19 04:46:54,678 | INFO | [Monitor step=64600] temp=61C | gpu=99% | vram=4.7GB | clock=2917MHz (100%) | ram=13.3/16.8GB (79%) | it/s=4.51
2026-04-19 04:47:16,982 | INFO | [Monitor step=64700] temp=60C | gpu=88% | vram=4.7GB | clock=2917MHz (100%) | ram=13.3/16.8GB (79%) | it/s=4.51
2026-04-19 04:47:39,264 | INFO | [Monitor step=64800] temp=62C | gpu=100% | vram=4.7GB | clock=2917MHz (100%) | ram=13.3/16.8GB (79%) | it/s=4.51
2026-04-19 04:48:01,572 | INFO | [Monitor step=64900] temp=61C | gpu=98% | vram=4.7GB | clock=2917MHz (100%) | ram=13.3/16.8GB (80%) | it/s=4.50
2026-04-19 04:48:23,878 | INFO | [Monitor step=65000] temp=62C | gpu=98% | vram=4.7GB | clock=2917MHz (100%) | ram=13.3/16.8GB (79%) | it/s=4.50
2026-04-19 04:48:46,179 | INFO | [Monitor step=65100] temp=61C | gpu=99% | vram=4.7GB | clock=2917MHz (100%) | ram=13.3/16.8GB (79%) | it/s=4.50
2026-04-19 04:49:08,487 | INFO | [Monitor step=65200] temp=62C | gpu=100% | vram=4.7GB | clock=2917MHz (100%) | ram=13.3/16.8GB (79%) | it/s=4.50
2026-04-19 04:49:30,792 | INFO | [Monitor step=65300] temp=62C | gpu=99% | vram=4.7GB | clock=2917MHz (100%) | ram=13.3/16.8GB (79%) | it/s=4.51
2026-04-19 04:49:53,097 | INFO | [Monitor step=65400] temp=62C | gpu=99% | vram=4.7GB | clock=2917MHz (100%) | ram=13.3/16.8GB (79%) | it/s=4.51
2026-04-19 04:50:15,400 | INFO | [Monitor step=65500] temp=62C | gpu=98% | vram=4.7GB | clock=2917MHz (100%) | ram=13.3/16.8GB (79%) | it/s=4.51
2026-04-19 04:50:37,699 | INFO | [Monitor step=65600] temp=60C | gpu=99% | vram=4.7GB | clock=2917MHz (100%) | ram=13.3/16.8GB (79%) | it/s=4.51
2026-04-19 04:51:00,005 | INFO | [Monitor step=65700] temp=63C | gpu=99% | vram=4.7GB | clock=2917MHz (100%) | ram=13.3/16.8GB (79%) | it/s=4.51
2026-04-19 04:51:22,308 | INFO | [Monitor step=65800] temp=62C | gpu=99% | vram=4.7GB | clock=2917MHz (100%) | ram=13.3/16.8GB (79%) | it/s=4.51
2026-04-19 04:51:44,612 | INFO | [Monitor step=65900] temp=61C | gpu=99% | vram=4.7GB | clock=2917MHz (100%) | ram=13.3/16.8GB (79%) | it/s=4.51
2026-04-19 04:52:06,914 | INFO | [Monitor step=66000] temp=62C | gpu=99% | vram=4.7GB | clock=2917MHz (100%) | ram=13.3/16.8GB (80%) | it/s=4.52
2026-04-19 04:52:29,201 | INFO | [Monitor step=66100] temp=61C | gpu=99% | vram=4.7GB | clock=2917MHz (100%) | ram=13.3/16.8GB (79%) | it/s=4.51
2026-04-19 04:52:51,501 | INFO | [Monitor step=66200] temp=61C | gpu=99% | vram=4.7GB | clock=2917MHz (100%) | ram=13.3/16.8GB (80%) | it/s=4.50
2026-04-19 04:53:13,803 | INFO | [Monitor step=66300] temp=61C | gpu=99% | vram=4.7GB | clock=2917MHz (100%) | ram=13.3/16.8GB (80%) | it/s=4.50
2026-04-19 04:53:36,103 | INFO | [Monitor step=66400] temp=61C | gpu=99% | vram=4.7GB | clock=2917MHz (100%) | ram=13.0/16.8GB (78%) | it/s=4.50
2026-04-19 04:53:58,405 | INFO | [Monitor step=66500] temp=62C | gpu=99% | vram=4.7GB | clock=2917MHz (100%) | ram=13.0/16.8GB (78%) | it/s=4.50
2026-04-19 04:54:20,705 | INFO | [Monitor step=66600] temp=62C | gpu=98% | vram=4.7GB | clock=2917MHz (100%) | ram=13.0/16.8GB (78%) | it/s=4.50
2026-04-19 04:54:43,006 | INFO | [Monitor step=66700] temp=62C | gpu=99% | vram=4.7GB | clock=2917MHz (100%) | ram=13.0/16.8GB (78%) | it/s=4.51
2026-04-19 04:55:05,301 | INFO | [Monitor step=66800] temp=61C | gpu=98% | vram=4.7GB | clock=2917MHz (100%) | ram=13.1/16.8GB (78%) | it/s=4.52
2026-04-19 04:55:16,444 | INFO | Epoch 7 complete: train_loss=0.3277 | train_acc=99.80% | avg=4.51 it/s | time=35.5min
2026-04-19 04:55:16,606 | INFO |   Running validation...
2026-04-19 04:55:53,978 | INFO |   Val Accuracy:  99.09%
2026-04-19 04:55:53,979 | INFO |   Val F1:        99.09%
2026-04-19 04:55:53,980 | INFO |   Val Precision: 99.09%
2026-04-19 04:55:53,980 | INFO |   Val Recall:    99.09%
2026-04-19 04:55:53,980 | INFO |   Val Loss:      0.3390
2026-04-19 04:55:53,980 | INFO |   Train-Val Gap: 0.71%
2026-04-19 04:55:53,980 | INFO |   No improvement. Patience: 2/15
2026-04-19 04:55:53,981 | INFO | 
============================================================
EPOCH 8/15
============================================================
2026-04-19 04:56:05,214 | INFO | [Monitor step=66900] temp=62C | gpu=99% | vram=4.7GB | clock=2917MHz (100%) | ram=13.2/16.8GB (79%) | it/s=4.51
2026-04-19 04:56:27,517 | INFO | [Monitor step=67000] temp=62C | gpu=98% | vram=4.7GB | clock=2917MHz (100%) | ram=13.2/16.8GB (79%) | it/s=4.51
2026-04-19 04:56:49,819 | INFO | [Monitor step=67100] temp=59C | gpu=99% | vram=4.7GB | clock=2917MHz (100%) | ram=13.2/16.8GB (79%) | it/s=4.51
2026-04-19 04:57:12,121 | INFO | [Monitor step=67200] temp=62C | gpu=100% | vram=4.7GB | clock=2917MHz (100%) | ram=13.3/16.8GB (79%) | it/s=4.51
2026-04-19 04:57:34,422 | INFO | [Monitor step=67300] temp=62C | gpu=99% | vram=4.7GB | clock=2917MHz (100%) | ram=13.3/16.8GB (79%) | it/s=4.51
2026-04-19 04:57:56,723 | INFO | [Monitor step=67400] temp=62C | gpu=99% | vram=4.7GB | clock=2917MHz (100%) | ram=13.3/16.8GB (79%) | it/s=4.51
2026-04-19 04:58:19,024 | INFO | [Monitor step=67500] temp=62C | gpu=98% | vram=4.7GB | clock=2917MHz (100%) | ram=13.3/16.8GB (79%) | it/s=4.50
2026-04-19 04:58:41,327 | INFO | [Monitor step=67600] temp=59C | gpu=99% | vram=4.7GB | clock=2917MHz (100%) | ram=13.3/16.8GB (79%) | it/s=4.50
2026-04-19 04:59:03,631 | INFO | [Monitor step=67700] temp=62C | gpu=100% | vram=4.7GB | clock=2917MHz (100%) | ram=13.3/16.8GB (79%) | it/s=4.50
2026-04-19 04:59:25,931 | INFO | [Monitor step=67800] temp=62C | gpu=99% | vram=4.7GB | clock=2917MHz (100%) | ram=13.3/16.8GB (79%) | it/s=4.51
2026-04-19 04:59:48,237 | INFO | [Monitor step=67900] temp=61C | gpu=98% | vram=4.7GB | clock=2917MHz (100%) | ram=13.3/16.8GB (79%) | it/s=4.50
2026-04-19 05:00:10,544 | INFO | [Monitor step=68000] temp=61C | gpu=98% | vram=4.7GB | clock=2917MHz (100%) | ram=13.3/16.8GB (79%) | it/s=4.51
2026-04-19 05:00:32,854 | INFO | [Monitor step=68100] temp=62C | gpu=100% | vram=4.7GB | clock=2917MHz (100%) | ram=13.3/16.8GB (79%) | it/s=4.51
2026-04-19 05:00:55,160 | INFO | [Monitor step=68200] temp=61C | gpu=100% | vram=4.7GB | clock=2917MHz (100%) | ram=13.3/16.8GB (79%) | it/s=4.51
2026-04-19 05:01:17,465 | INFO | [Monitor step=68300] temp=62C | gpu=98% | vram=4.7GB | clock=2917MHz (100%) | ram=13.3/16.8GB (79%) | it/s=4.51
2026-04-19 05:01:39,748 | INFO | [Monitor step=68400] temp=61C | gpu=97% | vram=4.7GB | clock=2917MHz (100%) | ram=13.3/16.8GB (80%) | it/s=4.56
2026-04-19 05:02:02,051 | INFO | [Monitor step=68500] temp=61C | gpu=99% | vram=4.7GB | clock=2917MHz (100%) | ram=13.3/16.8GB (80%) | it/s=4.52
2026-04-19 05:02:24,336 | INFO | [Monitor step=68600] temp=59C | gpu=98% | vram=4.7GB | clock=2917MHz (100%) | ram=13.3/16.8GB (80%) | it/s=4.51
2026-04-19 05:02:46,645 | INFO | [Monitor step=68700] temp=62C | gpu=99% | vram=4.7GB | clock=2917MHz (100%) | ram=13.4/16.8GB (80%) | it/s=4.51
2026-04-19 05:03:08,957 | INFO | [Monitor step=68800] temp=62C | gpu=99% | vram=4.7GB | clock=2917MHz (100%) | ram=13.4/16.8GB (80%) | it/s=4.50
2026-04-19 05:03:31,260 | INFO | [Monitor step=68900] temp=62C | gpu=97% | vram=4.7GB | clock=2917MHz (100%) | ram=13.4/16.8GB (80%) | it/s=4.51
2026-04-19 05:03:53,566 | INFO | [Monitor step=69000] temp=59C | gpu=98% | vram=4.7GB | clock=2917MHz (100%) | ram=13.4/16.8GB (80%) | it/s=4.51
2026-04-19 05:04:15,868 | INFO | [Monitor step=69100] temp=62C | gpu=100% | vram=4.7GB | clock=2917MHz (100%) | ram=13.4/16.8GB (80%) | it/s=4.50
2026-04-19 05:04:38,171 | INFO | [Monitor step=69200] temp=62C | gpu=100% | vram=4.7GB | clock=2917MHz (100%) | ram=13.4/16.8GB (80%) | it/s=4.50
2026-04-19 05:05:00,462 | INFO | [Monitor step=69300] temp=62C | gpu=99% | vram=4.7GB | clock=2917MHz (100%) | ram=13.4/16.8GB (80%) | it/s=4.50
2026-04-19 05:05:22,764 | INFO | [Monitor step=69400] temp=61C | gpu=98% | vram=4.7GB | clock=2917MHz (100%) | ram=13.4/16.8GB (80%) | it/s=4.51
2026-04-19 05:05:45,066 | INFO | [Monitor step=69500] temp=59C | gpu=99% | vram=4.7GB | clock=2917MHz (100%) | ram=13.4/16.8GB (80%) | it/s=4.51
2026-04-19 05:06:07,364 | INFO | [Monitor step=69600] temp=61C | gpu=100% | vram=4.7GB | clock=2917MHz (100%) | ram=13.4/16.8GB (80%) | it/s=4.51
2026-04-19 05:06:29,667 | INFO | [Monitor step=69700] temp=62C | gpu=99% | vram=4.7GB | clock=2917MHz (100%) | ram=13.4/16.8GB (80%) | it/s=4.51
2026-04-19 05:06:51,972 | INFO | [Monitor step=69800] temp=62C | gpu=98% | vram=4.7GB | clock=2917MHz (100%) | ram=13.4/16.8GB (80%) | it/s=4.51
2026-04-19 05:07:14,270 | INFO | [Monitor step=69900] temp=61C | gpu=97% | vram=4.7GB | clock=2917MHz (100%) | ram=13.3/16.8GB (80%) | it/s=4.51
2026-04-19 05:07:36,573 | INFO | [Monitor step=70000] temp=59C | gpu=98% | vram=4.7GB | clock=2917MHz (100%) | ram=13.3/16.8GB (80%) | it/s=4.51
2026-04-19 05:07:58,875 | INFO | [Monitor step=70100] temp=61C | gpu=100% | vram=4.7GB | clock=2917MHz (100%) | ram=13.4/16.8GB (80%) | it/s=4.50
2026-04-19 05:08:21,178 | INFO | [Monitor step=70200] temp=62C | gpu=98% | vram=4.7GB | clock=2917MHz (100%) | ram=13.2/16.8GB (79%) | it/s=4.50
2026-04-19 05:08:43,477 | INFO | [Monitor step=70300] temp=61C | gpu=100% | vram=4.7GB | clock=2917MHz (100%) | ram=13.2/16.8GB (79%) | it/s=4.50
2026-04-19 05:09:05,779 | INFO | [Monitor step=70400] temp=62C | gpu=100% | vram=4.7GB | clock=2917MHz (100%) | ram=13.2/16.8GB (79%) | it/s=4.50
2026-04-19 05:09:28,080 | INFO | [Monitor step=70500] temp=62C | gpu=98% | vram=4.7GB | clock=2917MHz (100%) | ram=13.2/16.8GB (79%) | it/s=4.50
2026-04-19 05:09:50,378 | INFO | [Monitor step=70600] temp=62C | gpu=97% | vram=4.7GB | clock=2917MHz (100%) | ram=13.2/16.8GB (79%) | it/s=4.51
2026-04-19 05:10:12,678 | INFO | [Monitor step=70700] temp=61C | gpu=99% | vram=4.7GB | clock=2917MHz (100%) | ram=13.2/16.8GB (79%) | it/s=4.51
2026-04-19 05:10:34,979 | INFO | [Monitor step=70800] temp=62C | gpu=100% | vram=4.7GB | clock=2917MHz (100%) | ram=13.2/16.8GB (79%) | it/s=4.51
2026-04-19 05:10:57,278 | INFO | [Monitor step=70900] temp=62C | gpu=99% | vram=4.7GB | clock=2917MHz (100%) | ram=13.2/16.8GB (79%) | it/s=4.51
2026-04-19 05:11:19,576 | INFO | [Monitor step=71000] temp=62C | gpu=98% | vram=4.7GB | clock=2917MHz (100%) | ram=13.2/16.8GB (79%) | it/s=4.51
2026-04-19 05:11:41,877 | INFO | [Monitor step=71100] temp=62C | gpu=98% | vram=4.7GB | clock=2917MHz (100%) | ram=13.2/16.8GB (79%) | it/s=4.51
2026-04-19 05:12:04,177 | INFO | [Monitor step=71200] temp=62C | gpu=99% | vram=4.7GB | clock=2917MHz (100%) | ram=13.2/16.8GB (79%) | it/s=4.51
2026-04-19 05:12:26,455 | INFO | [Monitor step=71300] temp=62C | gpu=99% | vram=4.7GB | clock=2917MHz (100%) | ram=13.2/16.8GB (79%) | it/s=4.51
2026-04-19 05:12:48,756 | INFO | [Monitor step=71400] temp=61C | gpu=98% | vram=4.7GB | clock=2917MHz (100%) | ram=13.2/16.8GB (79%) | it/s=4.51
2026-04-19 05:13:11,059 | INFO | [Monitor step=71500] temp=61C | gpu=98% | vram=4.7GB | clock=2917MHz (100%) | ram=13.2/16.8GB (79%) | it/s=4.50
2026-04-19 05:13:33,361 | INFO | [Monitor step=71600] temp=62C | gpu=99% | vram=4.7GB | clock=2917MHz (100%) | ram=13.2/16.8GB (79%) | it/s=4.50
2026-04-19 05:13:55,662 | INFO | [Monitor step=71700] temp=62C | gpu=99% | vram=4.7GB | clock=2917MHz (100%) | ram=13.3/16.8GB (79%) | it/s=4.51
2026-04-19 05:14:17,962 | INFO | [Monitor step=71800] temp=61C | gpu=98% | vram=4.7GB | clock=2917MHz (100%) | ram=13.2/16.8GB (79%) | it/s=4.50
2026-04-19 05:14:40,264 | INFO | [Monitor step=71900] temp=61C | gpu=98% | vram=4.7GB | clock=2917MHz (100%) | ram=13.2/16.8GB (79%) | it/s=4.51
2026-04-19 05:15:02,564 | INFO | [Monitor step=72000] temp=61C | gpu=98% | vram=4.7GB | clock=2917MHz (100%) | ram=13.3/16.8GB (79%) | it/s=4.51
2026-04-19 05:15:24,865 | INFO | [Monitor step=72100] temp=61C | gpu=99% | vram=4.7GB | clock=2917MHz (100%) | ram=13.3/16.8GB (79%) | it/s=4.51
2026-04-19 05:15:47,162 | INFO | [Monitor step=72200] temp=61C | gpu=99% | vram=4.7GB | clock=2917MHz (100%) | ram=13.3/16.8GB (79%) | it/s=4.51
2026-04-19 05:16:09,464 | INFO | [Monitor step=72300] temp=61C | gpu=99% | vram=4.7GB | clock=2917MHz (100%) | ram=13.3/16.8GB (79%) | it/s=4.51
2026-04-19 05:16:31,767 | INFO | [Monitor step=72400] temp=62C | gpu=99% | vram=4.7GB | clock=2917MHz (100%) | ram=13.3/16.8GB (79%) | it/s=4.51
2026-04-19 05:16:54,068 | INFO | [Monitor step=72500] temp=62C | gpu=99% | vram=4.7GB | clock=2917MHz (100%) | ram=13.3/16.8GB (79%) | it/s=4.52
2026-04-19 05:17:16,369 | INFO | [Monitor step=72600] temp=61C | gpu=98% | vram=4.7GB | clock=2917MHz (100%) | ram=13.3/16.8GB (79%) | it/s=4.52
2026-04-19 05:17:38,670 | INFO | [Monitor step=72700] temp=60C | gpu=98% | vram=4.7GB | clock=2917MHz (100%) | ram=13.3/16.8GB (79%) | it/s=4.51
2026-04-19 05:18:00,975 | INFO | [Monitor step=72800] temp=62C | gpu=100% | vram=4.7GB | clock=2917MHz (100%) | ram=13.3/16.8GB (79%) | it/s=4.50
2026-04-19 05:18:23,279 | INFO | [Monitor step=72900] temp=62C | gpu=99% | vram=4.7GB | clock=2917MHz (100%) | ram=13.3/16.8GB (79%) | it/s=4.50
2026-04-19 05:18:45,580 | INFO | [Monitor step=73000] temp=61C | gpu=98% | vram=4.7GB | clock=2917MHz (100%) | ram=13.3/16.8GB (79%) | it/s=4.50
2026-04-19 05:19:07,883 | INFO | [Monitor step=73100] temp=61C | gpu=98% | vram=4.7GB | clock=2917MHz (100%) | ram=13.3/16.8GB (79%) | it/s=4.50
2026-04-19 05:19:30,187 | INFO | [Monitor step=73200] temp=62C | gpu=99% | vram=4.7GB | clock=2917MHz (100%) | ram=13.3/16.8GB (79%) | it/s=4.51
2026-04-19 05:19:52,492 | INFO | [Monitor step=73300] temp=62C | gpu=100% | vram=4.7GB | clock=2917MHz (100%) | ram=13.3/16.8GB (79%) | it/s=4.51
2026-04-19 05:20:14,796 | INFO | [Monitor step=73400] temp=61C | gpu=98% | vram=4.7GB | clock=2917MHz (100%) | ram=13.3/16.8GB (79%) | it/s=4.51
2026-04-19 05:20:37,096 | INFO | [Monitor step=73500] temp=61C | gpu=97% | vram=4.7GB | clock=2917MHz (100%) | ram=13.3/16.8GB (79%) | it/s=4.51
2026-04-19 05:20:59,399 | INFO | [Monitor step=73600] temp=59C | gpu=99% | vram=4.7GB | clock=2917MHz (100%) | ram=13.3/16.8GB (79%) | it/s=4.51
2026-04-19 05:21:21,705 | INFO | [Monitor step=73700] temp=62C | gpu=100% | vram=4.7GB | clock=2917MHz (100%) | ram=13.3/16.8GB (79%) | it/s=4.52
2026-04-19 05:21:44,001 | INFO | [Monitor step=73800] temp=62C | gpu=100% | vram=4.7GB | clock=2917MHz (100%) | ram=13.3/16.8GB (79%) | it/s=4.51
2026-04-19 05:22:06,301 | INFO | [Monitor step=73900] temp=62C | gpu=98% | vram=4.7GB | clock=2917MHz (100%) | ram=13.3/16.8GB (79%) | it/s=4.52
2026-04-19 05:22:28,582 | INFO | [Monitor step=74000] temp=62C | gpu=99% | vram=4.7GB | clock=2917MHz (100%) | ram=13.0/16.8GB (77%) | it/s=4.52
2026-04-19 05:22:50,882 | INFO | [Monitor step=74100] temp=61C | gpu=99% | vram=4.7GB | clock=2917MHz (100%) | ram=13.0/16.8GB (78%) | it/s=4.50
2026-04-19 05:23:13,185 | INFO | [Monitor step=74200] temp=60C | gpu=98% | vram=4.7GB | clock=2917MHz (100%) | ram=13.0/16.8GB (78%) | it/s=4.50
2026-04-19 05:23:35,486 | INFO | [Monitor step=74300] temp=62C | gpu=99% | vram=4.7GB | clock=2917MHz (100%) | ram=13.0/16.8GB (78%) | it/s=4.50
2026-04-19 05:23:57,789 | INFO | [Monitor step=74400] temp=61C | gpu=99% | vram=4.7GB | clock=2917MHz (100%) | ram=13.0/16.8GB (78%) | it/s=4.50
2026-04-19 05:24:20,087 | INFO | [Monitor step=74500] temp=61C | gpu=99% | vram=4.7GB | clock=2917MHz (100%) | ram=13.0/16.8GB (78%) | it/s=4.51
2026-04-19 05:24:42,389 | INFO | [Monitor step=74600] temp=61C | gpu=99% | vram=4.7GB | clock=2917MHz (100%) | ram=13.0/16.8GB (78%) | it/s=4.51
2026-04-19 05:25:04,689 | INFO | [Monitor step=74700] temp=60C | gpu=98% | vram=4.7GB | clock=2917MHz (100%) | ram=13.1/16.8GB (78%) | it/s=4.51
2026-04-19 05:25:26,991 | INFO | [Monitor step=74800] temp=61C | gpu=99% | vram=4.7GB | clock=2917MHz (100%) | ram=13.1/16.8GB (78%) | it/s=4.51
2026-04-19 05:25:49,289 | INFO | [Monitor step=74900] temp=61C | gpu=99% | vram=4.7GB | clock=2917MHz (100%) | ram=13.1/16.8GB (78%) | it/s=4.51
2026-04-19 05:26:11,595 | INFO | [Monitor step=75000] temp=61C | gpu=98% | vram=4.7GB | clock=2917MHz (100%) | ram=13.1/16.8GB (78%) | it/s=4.51
2026-04-19 05:26:33,896 | INFO | [Monitor step=75100] temp=62C | gpu=98% | vram=4.7GB | clock=2917MHz (100%) | ram=13.1/16.8GB (78%) | it/s=4.51
2026-04-19 05:26:56,198 | INFO | [Monitor step=75200] temp=60C | gpu=99% | vram=4.7GB | clock=2917MHz (100%) | ram=13.1/16.8GB (78%) | it/s=4.51
2026-04-19 05:27:18,500 | INFO | [Monitor step=75300] temp=61C | gpu=99% | vram=4.7GB | clock=2917MHz (100%) | ram=13.1/16.8GB (78%) | it/s=4.50
2026-04-19 05:27:40,799 | INFO | [Monitor step=75400] temp=61C | gpu=99% | vram=4.7GB | clock=2917MHz (100%) | ram=13.1/16.8GB (78%) | it/s=4.51
2026-04-19 05:28:03,102 | INFO | [Monitor step=75500] temp=62C | gpu=98% | vram=4.7GB | clock=2917MHz (100%) | ram=13.2/16.8GB (79%) | it/s=4.50
2026-04-19 05:28:25,403 | INFO | [Monitor step=75600] temp=61C | gpu=98% | vram=4.7GB | clock=2917MHz (100%) | ram=13.2/16.8GB (79%) | it/s=4.50
2026-04-19 05:28:47,705 | INFO | [Monitor step=75700] temp=61C | gpu=99% | vram=4.7GB | clock=2917MHz (100%) | ram=13.2/16.8GB (79%) | it/s=4.50
2026-04-19 05:29:10,004 | INFO | [Monitor step=75800] temp=61C | gpu=99% | vram=4.7GB | clock=2917MHz (100%) | ram=13.2/16.8GB (79%) | it/s=4.51
2026-04-19 05:29:32,305 | INFO | [Monitor step=75900] temp=61C | gpu=99% | vram=4.7GB | clock=2917MHz (100%) | ram=13.2/16.8GB (79%) | it/s=4.51
2026-04-19 05:29:54,602 | INFO | [Monitor step=76000] temp=61C | gpu=98% | vram=4.7GB | clock=2917MHz (100%) | ram=13.2/16.8GB (79%) | it/s=4.51
2026-04-19 05:30:16,904 | INFO | [Monitor step=76100] temp=61C | gpu=99% | vram=4.7GB | clock=2917MHz (100%) | ram=13.2/16.8GB (79%) | it/s=4.51
2026-04-19 05:30:39,203 | INFO | [Monitor step=76200] temp=59C | gpu=99% | vram=4.7GB | clock=2917MHz (100%) | ram=13.0/16.8GB (77%) | it/s=4.51
2026-04-19 05:31:01,502 | INFO | [Monitor step=76300] temp=62C | gpu=99% | vram=4.7GB | clock=2917MHz (100%) | ram=13.0/16.8GB (78%) | it/s=4.51
2026-04-19 05:31:23,809 | INFO | [Monitor step=76400] temp=60C | gpu=99% | vram=4.7GB | clock=2917MHz (100%) | ram=13.0/16.8GB (78%) | it/s=4.52
2026-04-19 05:31:23,811 | INFO | Epoch 8 complete: train_loss=0.3271 | train_acc=99.85% | avg=4.51 it/s | time=35.5min
2026-04-19 05:31:23,975 | INFO |   Running validation...
2026-04-19 05:32:01,294 | INFO |   Val Accuracy:  99.13%
2026-04-19 05:32:01,294 | INFO |   Val F1:        99.13%
2026-04-19 05:32:01,295 | INFO |   Val Precision: 99.13%
2026-04-19 05:32:01,295 | INFO |   Val Recall:    99.13%
2026-04-19 05:32:01,295 | INFO |   Val Loss:      0.3379
2026-04-19 05:32:01,295 | INFO |   Train-Val Gap: 0.73%
2026-04-19 05:32:01,295 | INFO |   No improvement. Patience: 3/15
2026-04-19 05:32:01,296 | INFO | 
============================================================
EPOCH 9/15
============================================================
2026-04-19 05:32:23,638 | INFO | [Monitor step=76500] temp=63C | gpu=100% | vram=4.7GB | clock=2917MHz (100%) | ram=13.2/16.8GB (78%) | it/s=4.51
2026-04-19 05:32:45,944 | INFO | [Monitor step=76600] temp=61C | gpu=98% | vram=4.7GB | clock=2917MHz (100%) | ram=13.2/16.8GB (78%) | it/s=4.51
2026-04-19 05:33:08,251 | INFO | [Monitor step=76700] temp=62C | gpu=98% | vram=4.7GB | clock=2917MHz (100%) | ram=13.2/16.8GB (79%) | it/s=4.51
2026-04-19 05:33:30,551 | INFO | [Monitor step=76800] temp=62C | gpu=100% | vram=4.7GB | clock=2917MHz (100%) | ram=13.2/16.8GB (79%) | it/s=4.50
2026-04-19 05:33:52,849 | INFO | [Monitor step=76900] temp=62C | gpu=100% | vram=4.7GB | clock=2917MHz (100%) | ram=13.2/16.8GB (79%) | it/s=4.50
2026-04-19 05:34:15,148 | INFO | [Monitor step=77000] temp=61C | gpu=98% | vram=4.7GB | clock=2917MHz (100%) | ram=13.2/16.8GB (79%) | it/s=4.50
2026-04-19 05:34:37,448 | INFO | [Monitor step=77100] temp=61C | gpu=97% | vram=4.7GB | clock=2917MHz (100%) | ram=13.2/16.8GB (79%) | it/s=4.50
2026-04-19 05:34:59,750 | INFO | [Monitor step=77200] temp=62C | gpu=98% | vram=4.7GB | clock=2917MHz (100%) | ram=13.3/16.8GB (79%) | it/s=4.50
2026-04-19 05:35:22,049 | INFO | [Monitor step=77300] temp=62C | gpu=100% | vram=4.7GB | clock=2917MHz (100%) | ram=13.3/16.8GB (79%) | it/s=4.50
2026-04-19 05:35:44,346 | INFO | [Monitor step=77400] temp=62C | gpu=100% | vram=4.7GB | clock=2917MHz (100%) | ram=13.2/16.8GB (79%) | it/s=4.51
2026-04-19 05:36:06,651 | INFO | [Monitor step=77500] temp=62C | gpu=100% | vram=4.7GB | clock=2917MHz (100%) | ram=13.2/16.8GB (79%) | it/s=4.51
2026-04-19 05:36:28,952 | INFO | [Monitor step=77600] temp=61C | gpu=97% | vram=4.7GB | clock=2917MHz (100%) | ram=13.2/16.8GB (79%) | it/s=4.51
2026-04-19 05:36:51,253 | INFO | [Monitor step=77700] temp=62C | gpu=98% | vram=4.7GB | clock=2917MHz (100%) | ram=13.3/16.8GB (79%) | it/s=4.52
2026-04-19 05:37:13,556 | INFO | [Monitor step=77800] temp=61C | gpu=100% | vram=4.7GB | clock=2917MHz (100%) | ram=13.3/16.8GB (79%) | it/s=4.51
2026-04-19 05:37:35,862 | INFO | [Monitor step=77900] temp=62C | gpu=100% | vram=4.7GB | clock=2917MHz (100%) | ram=13.3/16.8GB (79%) | it/s=4.51
2026-04-19 05:37:58,166 | INFO | [Monitor step=78000] temp=62C | gpu=99% | vram=4.7GB | clock=2917MHz (100%) | ram=13.3/16.8GB (79%) | it/s=4.51
2026-04-19 05:38:20,476 | INFO | [Monitor step=78100] temp=62C | gpu=100% | vram=4.7GB | clock=2917MHz (100%) | ram=13.2/16.8GB (79%) | it/s=4.50
2026-04-19 05:38:42,779 | INFO | [Monitor step=78200] temp=61C | gpu=99% | vram=4.7GB | clock=2917MHz (100%) | ram=13.2/16.8GB (79%) | it/s=4.50
2026-04-19 05:39:05,081 | INFO | [Monitor step=78300] temp=62C | gpu=98% | vram=4.7GB | clock=2917MHz (100%) | ram=13.2/16.8GB (79%) | it/s=4.51
2026-04-19 05:39:27,385 | INFO | [Monitor step=78400] temp=62C | gpu=99% | vram=4.7GB | clock=2917MHz (100%) | ram=13.2/16.8GB (79%) | it/s=4.50
2026-04-19 05:39:49,689 | INFO | [Monitor step=78500] temp=59C | gpu=83% | vram=4.7GB | clock=2917MHz (100%) | ram=13.2/16.8GB (79%) | it/s=4.50
2026-04-19 05:40:11,992 | INFO | [Monitor step=78600] temp=62C | gpu=99% | vram=4.7GB | clock=2917MHz (100%) | ram=13.2/16.8GB (79%) | it/s=4.51
2026-04-19 05:40:34,293 | INFO | [Monitor step=78700] temp=62C | gpu=99% | vram=4.7GB | clock=2917MHz (100%) | ram=13.2/16.8GB (79%) | it/s=4.51
2026-04-19 05:40:56,595 | INFO | [Monitor step=78800] temp=62C | gpu=99% | vram=4.7GB | clock=2917MHz (100%) | ram=13.2/16.8GB (79%) | it/s=4.51
2026-04-19 05:41:18,899 | INFO | [Monitor step=78900] temp=61C | gpu=99% | vram=4.7GB | clock=2917MHz (100%) | ram=13.2/16.8GB (79%) | it/s=4.51
2026-04-19 05:41:41,201 | INFO | [Monitor step=79000] temp=62C | gpu=100% | vram=4.7GB | clock=2917MHz (100%) | ram=13.2/16.8GB (79%) | it/s=4.51
2026-04-19 05:42:03,506 | INFO | [Monitor step=79100] temp=61C | gpu=99% | vram=4.7GB | clock=2917MHz (100%) | ram=13.2/16.8GB (79%) | it/s=4.52
2026-04-19 05:42:25,789 | INFO | [Monitor step=79200] temp=62C | gpu=99% | vram=4.7GB | clock=2917MHz (100%) | ram=13.2/16.8GB (79%) | it/s=4.51
2026-04-19 05:42:48,089 | INFO | [Monitor step=79300] temp=62C | gpu=98% | vram=4.7GB | clock=2917MHz (100%) | ram=13.2/16.8GB (79%) | it/s=4.51
2026-04-19 05:43:10,394 | INFO | [Monitor step=79400] temp=62C | gpu=99% | vram=4.7GB | clock=2917MHz (100%) | ram=13.2/16.8GB (79%) | it/s=4.50
2026-04-19 05:43:32,695 | INFO | [Monitor step=79500] temp=62C | gpu=100% | vram=4.7GB | clock=2917MHz (100%) | ram=13.2/16.8GB (79%) | it/s=4.50
2026-04-19 05:43:54,995 | INFO | [Monitor step=79600] temp=62C | gpu=99% | vram=4.7GB | clock=2917MHz (100%) | ram=13.2/16.8GB (79%) | it/s=4.50
2026-04-19 05:44:17,291 | INFO | [Monitor step=79700] temp=61C | gpu=99% | vram=4.7GB | clock=2917MHz (100%) | ram=13.2/16.8GB (79%) | it/s=4.51
2026-04-19 05:44:39,591 | INFO | [Monitor step=79800] temp=62C | gpu=97% | vram=4.7GB | clock=2917MHz (100%) | ram=13.2/16.8GB (79%) | it/s=4.50
2026-04-19 05:45:01,894 | INFO | [Monitor step=79900] temp=62C | gpu=99% | vram=4.7GB | clock=2917MHz (100%) | ram=13.3/16.8GB (79%) | it/s=4.52
2026-04-19 05:45:24,192 | INFO | [Monitor step=80000] temp=62C | gpu=100% | vram=4.7GB | clock=2917MHz (100%) | ram=13.3/16.8GB (79%) | it/s=4.51
2026-04-19 05:45:46,491 | INFO | [Monitor step=80100] temp=61C | gpu=100% | vram=4.7GB | clock=2917MHz (100%) | ram=13.3/16.8GB (79%) | it/s=4.51
2026-04-19 05:46:08,793 | INFO | [Monitor step=80200] temp=62C | gpu=99% | vram=4.7GB | clock=2917MHz (100%) | ram=13.3/16.8GB (79%) | it/s=4.52
2026-04-19 05:46:31,095 | INFO | [Monitor step=80300] temp=62C | gpu=98% | vram=4.7GB | clock=2917MHz (100%) | ram=13.3/16.8GB (79%) | it/s=4.51
2026-04-19 05:46:53,397 | INFO | [Monitor step=80400] temp=62C | gpu=98% | vram=4.7GB | clock=2917MHz (100%) | ram=13.3/16.8GB (79%) | it/s=4.51
2026-04-19 05:47:15,702 | INFO | [Monitor step=80500] temp=61C | gpu=100% | vram=4.7GB | clock=2917MHz (100%) | ram=13.3/16.8GB (79%) | it/s=4.51
2026-04-19 05:47:37,990 | INFO | [Monitor step=80600] temp=62C | gpu=100% | vram=4.7GB | clock=2917MHz (100%) | ram=13.3/16.8GB (79%) | it/s=4.56
2026-04-19 05:48:00,292 | INFO | [Monitor step=80700] temp=61C | gpu=99% | vram=4.7GB | clock=2917MHz (100%) | ram=13.3/16.8GB (80%) | it/s=4.50
2026-04-19 05:48:22,599 | INFO | [Monitor step=80800] temp=62C | gpu=97% | vram=4.7GB | clock=2917MHz (100%) | ram=13.3/16.8GB (79%) | it/s=4.51
2026-04-19 05:48:44,906 | INFO | [Monitor step=80900] temp=62C | gpu=98% | vram=4.7GB | clock=2917MHz (100%) | ram=13.3/16.8GB (79%) | it/s=4.50
2026-04-19 05:49:07,207 | INFO | [Monitor step=81000] temp=62C | gpu=100% | vram=4.7GB | clock=2917MHz (100%) | ram=13.3/16.8GB (79%) | it/s=4.50
2026-04-19 05:49:29,561 | INFO | [Monitor step=81100] temp=62C | gpu=99% | vram=4.7GB | clock=2917MHz (100%) | ram=13.3/16.8GB (79%) | it/s=4.50
2026-04-19 05:49:51,855 | INFO | [Monitor step=81200] temp=62C | gpu=97% | vram=4.7GB | clock=2917MHz (100%) | ram=13.3/16.8GB (79%) | it/s=4.51
2026-04-19 05:50:14,159 | INFO | [Monitor step=81300] temp=62C | gpu=98% | vram=4.7GB | clock=2917MHz (100%) | ram=13.3/16.8GB (79%) | it/s=4.51
2026-04-19 05:50:36,462 | INFO | [Monitor step=81400] temp=61C | gpu=100% | vram=4.7GB | clock=2917MHz (100%) | ram=13.3/16.8GB (79%) | it/s=4.51
2026-04-19 05:50:58,764 | INFO | [Monitor step=81500] temp=59C | gpu=99% | vram=4.7GB | clock=2917MHz (100%) | ram=13.3/16.8GB (79%) | it/s=4.51
2026-04-19 05:51:21,066 | INFO | [Monitor step=81600] temp=61C | gpu=100% | vram=4.7GB | clock=2917MHz (100%) | ram=13.3/16.8GB (79%) | it/s=4.52
2026-04-19 05:51:43,369 | INFO | [Monitor step=81700] temp=62C | gpu=100% | vram=4.7GB | clock=2917MHz (100%) | ram=13.3/16.8GB (79%) | it/s=4.51
2026-04-19 05:52:05,677 | INFO | [Monitor step=81800] temp=62C | gpu=98% | vram=4.7GB | clock=2917MHz (100%) | ram=13.3/16.8GB (79%) | it/s=4.50
2026-04-19 05:52:27,958 | INFO | [Monitor step=81900] temp=62C | gpu=99% | vram=4.7GB | clock=2917MHz (100%) | ram=13.3/16.8GB (79%) | it/s=4.50
2026-04-19 05:52:50,264 | INFO | [Monitor step=82000] temp=60C | gpu=98% | vram=4.7GB | clock=2917MHz (100%) | ram=13.3/16.8GB (80%) | it/s=4.50
2026-04-19 05:53:12,568 | INFO | [Monitor step=82100] temp=61C | gpu=100% | vram=4.7GB | clock=2917MHz (100%) | ram=13.3/16.8GB (80%) | it/s=4.50
2026-04-19 05:53:34,870 | INFO | [Monitor step=82200] temp=61C | gpu=100% | vram=4.7GB | clock=2917MHz (100%) | ram=13.3/16.8GB (79%) | it/s=4.50
2026-04-19 05:53:57,172 | INFO | [Monitor step=82300] temp=61C | gpu=99% | vram=4.7GB | clock=2917MHz (100%) | ram=13.3/16.8GB (79%) | it/s=4.51
2026-04-19 05:54:19,473 | INFO | [Monitor step=82400] temp=61C | gpu=98% | vram=4.7GB | clock=2917MHz (100%) | ram=13.3/16.8GB (79%) | it/s=4.51
2026-04-19 05:54:41,772 | INFO | [Monitor step=82500] temp=59C | gpu=98% | vram=4.7GB | clock=2917MHz (100%) | ram=13.3/16.8GB (79%) | it/s=4.51
2026-04-19 05:55:04,073 | INFO | [Monitor step=82600] temp=62C | gpu=100% | vram=4.7GB | clock=2917MHz (100%) | ram=13.3/16.8GB (80%) | it/s=4.51
2026-04-19 05:55:26,374 | INFO | [Monitor step=82700] temp=62C | gpu=100% | vram=4.7GB | clock=2917MHz (100%) | ram=13.3/16.8GB (80%) | it/s=4.51
2026-04-19 05:55:48,675 | INFO | [Monitor step=82800] temp=62C | gpu=99% | vram=4.7GB | clock=2917MHz (100%) | ram=13.3/16.8GB (80%) | it/s=4.51
2026-04-19 05:56:10,974 | INFO | [Monitor step=82900] temp=61C | gpu=97% | vram=4.7GB | clock=2917MHz (100%) | ram=13.3/16.8GB (80%) | it/s=4.51
2026-04-19 05:56:33,277 | INFO | [Monitor step=83000] temp=59C | gpu=99% | vram=4.7GB | clock=2917MHz (100%) | ram=13.3/16.8GB (79%) | it/s=4.52
2026-04-19 05:56:55,577 | INFO | [Monitor step=83100] temp=62C | gpu=100% | vram=4.7GB | clock=2917MHz (100%) | ram=13.3/16.8GB (79%) | it/s=4.50
2026-04-19 05:57:17,881 | INFO | [Monitor step=83200] temp=62C | gpu=100% | vram=4.7GB | clock=2917MHz (100%) | ram=13.3/16.8GB (79%) | it/s=4.51
2026-04-19 05:57:40,186 | INFO | [Monitor step=83300] temp=61C | gpu=99% | vram=4.7GB | clock=2917MHz (100%) | ram=13.3/16.8GB (79%) | it/s=4.50
2026-04-19 05:58:02,490 | INFO | [Monitor step=83400] temp=62C | gpu=97% | vram=4.7GB | clock=2917MHz (100%) | ram=13.3/16.8GB (80%) | it/s=4.50
2026-04-19 05:58:24,792 | INFO | [Monitor step=83500] temp=60C | gpu=98% | vram=4.7GB | clock=2917MHz (100%) | ram=13.3/16.8GB (80%) | it/s=4.50
2026-04-19 05:58:47,093 | INFO | [Monitor step=83600] temp=62C | gpu=100% | vram=4.7GB | clock=2917MHz (100%) | ram=13.3/16.8GB (80%) | it/s=4.51
2026-04-19 05:59:09,398 | INFO | [Monitor step=83700] temp=61C | gpu=99% | vram=4.7GB | clock=2917MHz (100%) | ram=13.3/16.8GB (79%) | it/s=4.52
2026-04-19 05:59:31,700 | INFO | [Monitor step=83800] temp=62C | gpu=100% | vram=4.7GB | clock=2917MHz (100%) | ram=13.3/16.8GB (79%) | it/s=4.51
2026-04-19 05:59:54,001 | INFO | [Monitor step=83900] temp=61C | gpu=100% | vram=4.7GB | clock=2917MHz (100%) | ram=13.3/16.8GB (80%) | it/s=4.51
2026-04-19 06:00:16,301 | INFO | [Monitor step=84000] temp=62C | gpu=98% | vram=4.7GB | clock=2917MHz (100%) | ram=13.3/16.8GB (79%) | it/s=4.51
2026-04-19 06:00:38,602 | INFO | [Monitor step=84100] temp=62C | gpu=98% | vram=4.7GB | clock=2917MHz (100%) | ram=13.3/16.8GB (80%) | it/s=4.51
2026-04-19 06:01:00,903 | INFO | [Monitor step=84200] temp=61C | gpu=99% | vram=4.7GB | clock=2917MHz (100%) | ram=13.3/16.8GB (79%) | it/s=4.52
2026-04-19 06:01:23,201 | INFO | [Monitor step=84300] temp=62C | gpu=100% | vram=4.7GB | clock=2917MHz (100%) | ram=13.3/16.8GB (79%) | it/s=4.52
2026-04-19 06:01:45,481 | INFO | [Monitor step=84400] temp=62C | gpu=100% | vram=4.7GB | clock=2917MHz (100%) | ram=13.3/16.8GB (80%) | it/s=4.51
2026-04-19 06:02:07,780 | INFO | [Monitor step=84500] temp=62C | gpu=99% | vram=4.7GB | clock=2917MHz (100%) | ram=13.3/16.8GB (80%) | it/s=4.51
2026-04-19 06:02:30,059 | INFO | [Monitor step=84600] temp=61C | gpu=99% | vram=4.7GB | clock=2917MHz (100%) | ram=13.3/16.8GB (80%) | it/s=4.50
2026-04-19 06:02:52,358 | INFO | [Monitor step=84700] temp=62C | gpu=98% | vram=4.7GB | clock=2917MHz (100%) | ram=13.3/16.8GB (80%) | it/s=4.50
2026-04-19 06:03:14,663 | INFO | [Monitor step=84800] temp=61C | gpu=99% | vram=4.7GB | clock=2917MHz (100%) | ram=13.3/16.8GB (80%) | it/s=4.50
2026-04-19 06:03:36,963 | INFO | [Monitor step=84900] temp=62C | gpu=99% | vram=4.7GB | clock=2917MHz (100%) | ram=13.3/16.8GB (80%) | it/s=4.50
2026-04-19 06:03:59,256 | INFO | [Monitor step=85000] temp=61C | gpu=99% | vram=4.7GB | clock=2917MHz (100%) | ram=13.3/16.8GB (80%) | it/s=4.51
2026-04-19 06:04:21,556 | INFO | [Monitor step=85100] temp=62C | gpu=99% | vram=4.7GB | clock=2917MHz (100%) | ram=13.3/16.8GB (80%) | it/s=4.52
2026-04-19 06:04:43,862 | INFO | [Monitor step=85200] temp=62C | gpu=98% | vram=4.7GB | clock=2917MHz (100%) | ram=13.6/16.8GB (81%) | it/s=4.55
2026-04-19 06:05:06,155 | INFO | [Monitor step=85300] temp=62C | gpu=98% | vram=4.7GB | clock=2917MHz (100%) | ram=13.4/16.8GB (80%) | it/s=4.51
2026-04-19 06:05:28,454 | INFO | [Monitor step=85400] temp=62C | gpu=100% | vram=4.7GB | clock=2917MHz (100%) | ram=13.4/16.8GB (80%) | it/s=4.51
2026-04-19 06:05:50,753 | INFO | [Monitor step=85500] temp=62C | gpu=99% | vram=4.7GB | clock=2917MHz (100%) | ram=13.3/16.8GB (80%) | it/s=4.51
2026-04-19 06:06:13,054 | INFO | [Monitor step=85600] temp=62C | gpu=99% | vram=4.7GB | clock=2917MHz (100%) | ram=13.3/16.8GB (80%) | it/s=4.51
2026-04-19 06:06:35,350 | INFO | [Monitor step=85700] temp=62C | gpu=98% | vram=4.7GB | clock=2917MHz (100%) | ram=13.3/16.8GB (80%) | it/s=4.51
2026-04-19 06:06:57,651 | INFO | [Monitor step=85800] temp=62C | gpu=99% | vram=4.7GB | clock=2917MHz (100%) | ram=13.3/16.8GB (80%) | it/s=4.51
2026-04-19 06:07:19,951 | INFO | [Monitor step=85900] temp=62C | gpu=100% | vram=4.7GB | clock=2917MHz (100%) | ram=13.3/16.8GB (80%) | it/s=4.51
2026-04-19 06:07:31,093 | INFO | Epoch 9 complete: train_loss=0.3267 | train_acc=99.88% | avg=4.51 it/s | time=35.5min
2026-04-19 06:07:31,258 | INFO |   Running validation...
2026-04-19 06:08:08,617 | INFO |   Val Accuracy:  99.13%
2026-04-19 06:08:08,617 | INFO |   Val F1:        99.13%
2026-04-19 06:08:08,618 | INFO |   Val Precision: 99.13%
2026-04-19 06:08:08,618 | INFO |   Val Recall:    99.13%
2026-04-19 06:08:08,618 | INFO |   Val Loss:      0.3387
2026-04-19 06:08:08,618 | INFO |   Train-Val Gap: 0.76%
2026-04-19 06:08:08,619 | INFO |   No improvement. Patience: 4/15
2026-04-19 06:08:08,619 | INFO | 
============================================================
EPOCH 10/15
============================================================
2026-04-19 06:08:19,859 | INFO | [Monitor step=86000] temp=62C | gpu=98% | vram=4.7GB | clock=2917MHz (100%) | ram=13.4/16.8GB (80%) | it/s=4.50
2026-04-19 06:08:42,156 | INFO | [Monitor step=86100] temp=62C | gpu=99% | vram=4.7GB | clock=2917MHz (100%) | ram=13.4/16.8GB (80%) | it/s=4.50
2026-04-19 06:09:04,452 | INFO | [Monitor step=86200] temp=62C | gpu=100% | vram=4.7GB | clock=2917MHz (100%) | ram=13.4/16.8GB (80%) | it/s=4.50
2026-04-19 06:09:26,753 | INFO | [Monitor step=86300] temp=62C | gpu=99% | vram=4.7GB | clock=2917MHz (100%) | ram=13.4/16.8GB (80%) | it/s=4.50
2026-04-19 06:09:49,050 | INFO | [Monitor step=86400] temp=62C | gpu=99% | vram=4.7GB | clock=2917MHz (100%) | ram=13.3/16.8GB (80%) | it/s=4.51
2026-04-19 06:10:11,346 | INFO | [Monitor step=86500] temp=62C | gpu=98% | vram=4.7GB | clock=2917MHz (100%) | ram=13.3/16.8GB (80%) | it/s=4.51
2026-04-19 06:10:33,640 | INFO | [Monitor step=86600] temp=62C | gpu=99% | vram=4.7GB | clock=2917MHz (100%) | ram=13.3/16.8GB (80%) | it/s=4.51
2026-04-19 06:10:55,937 | INFO | [Monitor step=86700] temp=61C | gpu=100% | vram=4.7GB | clock=2917MHz (100%) | ram=13.3/16.8GB (80%) | it/s=4.51
2026-04-19 06:11:18,236 | INFO | [Monitor step=86800] temp=62C | gpu=100% | vram=4.7GB | clock=2917MHz (100%) | ram=13.3/16.8GB (80%) | it/s=4.52
2026-04-19 06:11:40,537 | INFO | [Monitor step=86900] temp=62C | gpu=98% | vram=4.7GB | clock=2917MHz (100%) | ram=13.3/16.8GB (80%) | it/s=4.51
2026-04-19 06:12:02,840 | INFO | [Monitor step=87000] temp=62C | gpu=98% | vram=4.7GB | clock=2917MHz (100%) | ram=13.3/16.8GB (80%) | it/s=4.52
2026-04-19 06:12:25,119 | INFO | [Monitor step=87100] temp=62C | gpu=97% | vram=4.7GB | clock=2917MHz (100%) | ram=13.3/16.8GB (80%) | it/s=4.51
2026-04-19 06:12:47,424 | INFO | [Monitor step=87200] temp=61C | gpu=98% | vram=4.7GB | clock=2917MHz (100%) | ram=13.3/16.8GB (80%) | it/s=4.51
2026-04-19 06:13:09,733 | INFO | [Monitor step=87300] temp=62C | gpu=97% | vram=4.7GB | clock=2917MHz (100%) | ram=13.3/16.8GB (80%) | it/s=4.50
2026-04-19 06:13:32,036 | INFO | [Monitor step=87400] temp=62C | gpu=100% | vram=4.7GB | clock=2917MHz (100%) | ram=13.4/16.8GB (80%) | it/s=4.51
2026-04-19 06:13:54,339 | INFO | [Monitor step=87500] temp=62C | gpu=100% | vram=4.7GB | clock=2917MHz (100%) | ram=13.4/16.8GB (80%) | it/s=4.51
2026-04-19 06:14:16,646 | INFO | [Monitor step=87600] temp=62C | gpu=99% | vram=4.7GB | clock=2917MHz (100%) | ram=13.4/16.8GB (80%) | it/s=4.51
2026-04-19 06:14:38,950 | INFO | [Monitor step=87700] temp=62C | gpu=97% | vram=4.7GB | clock=2917MHz (100%) | ram=13.3/16.8GB (80%) | it/s=4.50
2026-04-19 06:15:01,258 | INFO | [Monitor step=87800] temp=62C | gpu=98% | vram=4.7GB | clock=2917MHz (100%) | ram=13.4/16.8GB (80%) | it/s=4.51
2026-04-19 06:15:23,562 | INFO | [Monitor step=87900] temp=61C | gpu=100% | vram=4.7GB | clock=2917MHz (100%) | ram=13.4/16.8GB (80%) | it/s=4.51
2026-04-19 06:15:45,868 | INFO | [Monitor step=88000] temp=62C | gpu=98% | vram=4.7GB | clock=2917MHz (100%) | ram=13.4/16.8GB (80%) | it/s=4.52
2026-04-19 06:16:08,168 | INFO | [Monitor step=88100] temp=61C | gpu=99% | vram=4.7GB | clock=2917MHz (100%) | ram=13.4/16.8GB (80%) | it/s=4.51
2026-04-19 06:16:30,473 | INFO | [Monitor step=88200] temp=62C | gpu=98% | vram=4.7GB | clock=2917MHz (100%) | ram=13.4/16.8GB (80%) | it/s=4.51
2026-04-19 06:16:52,778 | INFO | [Monitor step=88300] temp=61C | gpu=98% | vram=4.7GB | clock=2917MHz (100%) | ram=13.4/16.8GB (80%) | it/s=4.51
2026-04-19 06:17:15,082 | INFO | [Monitor step=88400] temp=62C | gpu=100% | vram=4.7GB | clock=2917MHz (100%) | ram=13.4/16.8GB (80%) | it/s=4.51
2026-04-19 06:17:37,386 | INFO | [Monitor step=88500] temp=62C | gpu=99% | vram=4.7GB | clock=2917MHz (100%) | ram=13.4/16.8GB (80%) | it/s=4.50
2026-04-19 06:17:59,692 | INFO | [Monitor step=88600] temp=61C | gpu=99% | vram=4.7GB | clock=2917MHz (100%) | ram=13.4/16.8GB (80%) | it/s=4.51
2026-04-19 06:18:21,998 | INFO | [Monitor step=88700] temp=62C | gpu=99% | vram=4.7GB | clock=2917MHz (100%) | ram=13.4/16.8GB (80%) | it/s=4.50
2026-04-19 06:18:44,300 | INFO | [Monitor step=88800] temp=59C | gpu=98% | vram=4.7GB | clock=2917MHz (100%) | ram=13.4/16.8GB (80%) | it/s=4.50
2026-04-19 06:19:06,602 | INFO | [Monitor step=88900] temp=61C | gpu=99% | vram=4.7GB | clock=2917MHz (100%) | ram=13.4/16.8GB (80%) | it/s=4.50
2026-04-19 06:19:28,904 | INFO | [Monitor step=89000] temp=62C | gpu=99% | vram=4.7GB | clock=2917MHz (100%) | ram=13.4/16.8GB (80%) | it/s=4.51
2026-04-19 06:19:51,208 | INFO | [Monitor step=89100] temp=61C | gpu=99% | vram=4.7GB | clock=2917MHz (100%) | ram=13.4/16.8GB (80%) | it/s=4.51
2026-04-19 06:20:13,511 | INFO | [Monitor step=89200] temp=61C | gpu=98% | vram=4.7GB | clock=2917MHz (100%) | ram=13.4/16.8GB (80%) | it/s=4.52
2026-04-19 06:20:35,816 | INFO | [Monitor step=89300] temp=61C | gpu=99% | vram=4.7GB | clock=2917MHz (100%) | ram=13.4/16.8GB (80%) | it/s=4.51
2026-04-19 06:20:58,112 | INFO | [Monitor step=89400] temp=62C | gpu=99% | vram=4.7GB | clock=2917MHz (100%) | ram=13.4/16.8GB (80%) | it/s=4.51
2026-04-19 06:21:20,414 | INFO | [Monitor step=89500] temp=62C | gpu=99% | vram=4.7GB | clock=2917MHz (100%) | ram=13.4/16.8GB (80%) | it/s=4.51
2026-04-19 06:21:42,715 | INFO | [Monitor step=89600] temp=61C | gpu=98% | vram=4.7GB | clock=2917MHz (100%) | ram=13.4/16.8GB (80%) | it/s=4.51
2026-04-19 06:22:05,015 | INFO | [Monitor step=89700] temp=61C | gpu=99% | vram=4.7GB | clock=2917MHz (100%) | ram=13.4/16.8GB (80%) | it/s=4.50
2026-04-19 06:22:27,296 | INFO | [Monitor step=89800] temp=61C | gpu=98% | vram=4.7GB | clock=2917MHz (100%) | ram=13.4/16.8GB (80%) | it/s=4.51
2026-04-19 06:22:49,595 | INFO | [Monitor step=89900] temp=61C | gpu=100% | vram=4.7GB | clock=2917MHz (100%) | ram=13.4/16.8GB (80%) | it/s=4.50
2026-04-19 06:23:11,896 | INFO | [Monitor step=90000] temp=62C | gpu=99% | vram=4.7GB | clock=2917MHz (100%) | ram=13.3/16.8GB (79%) | it/s=4.50
2026-04-19 06:23:34,195 | INFO | [Monitor step=90100] temp=61C | gpu=99% | vram=4.7GB | clock=2917MHz (100%) | ram=13.3/16.8GB (79%) | it/s=4.50
2026-04-19 06:23:56,492 | INFO | [Monitor step=90200] temp=62C | gpu=98% | vram=4.7GB | clock=2917MHz (100%) | ram=13.3/16.8GB (79%) | it/s=4.50
2026-04-19 06:24:18,794 | INFO | [Monitor step=90300] temp=62C | gpu=98% | vram=4.7GB | clock=2917MHz (100%) | ram=13.3/16.8GB (79%) | it/s=4.51
2026-04-19 06:24:41,091 | INFO | [Monitor step=90400] temp=62C | gpu=100% | vram=4.7GB | clock=2917MHz (100%) | ram=13.3/16.8GB (79%) | it/s=4.51
2026-04-19 06:25:03,393 | INFO | [Monitor step=90500] temp=62C | gpu=98% | vram=4.7GB | clock=2917MHz (100%) | ram=13.3/16.8GB (80%) | it/s=4.51
2026-04-19 06:25:25,691 | INFO | [Monitor step=90600] temp=59C | gpu=81% | vram=4.7GB | clock=2917MHz (100%) | ram=13.3/16.8GB (80%) | it/s=4.51
2026-04-19 06:25:47,988 | INFO | [Monitor step=90700] temp=61C | gpu=99% | vram=4.7GB | clock=2917MHz (100%) | ram=13.3/16.8GB (79%) | it/s=4.51
2026-04-19 06:26:10,289 | INFO | [Monitor step=90800] temp=61C | gpu=99% | vram=4.7GB | clock=2917MHz (100%) | ram=13.3/16.8GB (79%) | it/s=4.52
2026-04-19 06:26:32,591 | INFO | [Monitor step=90900] temp=62C | gpu=98% | vram=4.7GB | clock=2917MHz (100%) | ram=13.3/16.8GB (79%) | it/s=4.51
2026-04-19 06:26:54,894 | INFO | [Monitor step=91000] temp=62C | gpu=99% | vram=4.7GB | clock=2917MHz (100%) | ram=13.3/16.8GB (79%) | it/s=4.51
2026-04-19 06:27:17,194 | INFO | [Monitor step=91100] temp=62C | gpu=100% | vram=4.7GB | clock=2917MHz (100%) | ram=13.3/16.8GB (79%) | it/s=4.50
2026-04-19 06:27:39,495 | INFO | [Monitor step=91200] temp=62C | gpu=99% | vram=4.7GB | clock=2917MHz (100%) | ram=13.3/16.8GB (79%) | it/s=4.50
2026-04-19 06:28:01,803 | INFO | [Monitor step=91300] temp=61C | gpu=99% | vram=4.7GB | clock=2917MHz (100%) | ram=13.3/16.8GB (79%) | it/s=4.50
2026-04-19 06:28:24,101 | INFO | [Monitor step=91400] temp=62C | gpu=98% | vram=4.7GB | clock=2917MHz (100%) | ram=13.3/16.8GB (79%) | it/s=4.50
2026-04-19 06:28:46,405 | INFO | [Monitor step=91500] temp=61C | gpu=98% | vram=4.7GB | clock=2917MHz (100%) | ram=13.3/16.8GB (79%) | it/s=4.50
2026-04-19 06:29:08,708 | INFO | [Monitor step=91600] temp=62C | gpu=100% | vram=4.7GB | clock=2917MHz (100%) | ram=13.3/16.8GB (79%) | it/s=4.51
2026-04-19 06:29:31,009 | INFO | [Monitor step=91700] temp=62C | gpu=99% | vram=4.7GB | clock=2917MHz (100%) | ram=13.0/16.8GB (77%) | it/s=4.51
2026-04-19 06:29:53,307 | INFO | [Monitor step=91800] temp=62C | gpu=99% | vram=4.7GB | clock=2917MHz (100%) | ram=13.0/16.8GB (78%) | it/s=4.51
2026-04-19 06:30:15,611 | INFO | [Monitor step=91900] temp=62C | gpu=98% | vram=4.7GB | clock=2917MHz (100%) | ram=13.0/16.8GB (78%) | it/s=4.51
2026-04-19 06:30:37,911 | INFO | [Monitor step=92000] temp=62C | gpu=99% | vram=4.7GB | clock=2917MHz (100%) | ram=13.0/16.8GB (78%) | it/s=4.51
2026-04-19 06:31:00,209 | INFO | [Monitor step=92100] temp=62C | gpu=100% | vram=4.7GB | clock=2917MHz (100%) | ram=13.0/16.8GB (78%) | it/s=4.51
2026-04-19 06:31:22,510 | INFO | [Monitor step=92200] temp=61C | gpu=99% | vram=4.7GB | clock=2917MHz (100%) | ram=13.0/16.8GB (78%) | it/s=4.51
2026-04-19 06:31:44,789 | INFO | [Monitor step=92300] temp=62C | gpu=99% | vram=4.7GB | clock=2917MHz (100%) | ram=13.1/16.8GB (78%) | it/s=4.51
2026-04-19 06:32:07,087 | INFO | [Monitor step=92400] temp=62C | gpu=97% | vram=4.7GB | clock=2917MHz (100%) | ram=13.1/16.8GB (78%) | it/s=4.51
2026-04-19 06:32:29,365 | INFO | [Monitor step=92500] temp=62C | gpu=97% | vram=4.7GB | clock=2917MHz (100%) | ram=13.1/16.8GB (78%) | it/s=4.51
2026-04-19 06:32:51,665 | INFO | [Monitor step=92600] temp=59C | gpu=99% | vram=4.7GB | clock=2917MHz (100%) | ram=13.1/16.8GB (78%) | it/s=4.50
2026-04-19 06:33:13,972 | INFO | [Monitor step=92700] temp=61C | gpu=100% | vram=4.7GB | clock=2917MHz (100%) | ram=13.1/16.8GB (78%) | it/s=4.51
2026-04-19 06:33:36,271 | INFO | [Monitor step=92800] temp=62C | gpu=99% | vram=4.7GB | clock=2917MHz (100%) | ram=13.2/16.8GB (78%) | it/s=4.50
2026-04-19 06:33:58,567 | INFO | [Monitor step=92900] temp=62C | gpu=99% | vram=4.7GB | clock=2917MHz (100%) | ram=13.2/16.8GB (78%) | it/s=4.51
2026-04-19 06:34:20,862 | INFO | [Monitor step=93000] temp=61C | gpu=97% | vram=4.7GB | clock=2917MHz (100%) | ram=13.2/16.8GB (78%) | it/s=4.51
2026-04-19 06:34:43,161 | INFO | [Monitor step=93100] temp=59C | gpu=99% | vram=4.7GB | clock=2917MHz (100%) | ram=13.2/16.8GB (79%) | it/s=4.51
2026-04-19 06:35:05,461 | INFO | [Monitor step=93200] temp=61C | gpu=100% | vram=4.7GB | clock=2917MHz (100%) | ram=13.2/16.8GB (79%) | it/s=4.51
2026-04-19 06:35:27,757 | INFO | [Monitor step=93300] temp=62C | gpu=99% | vram=4.7GB | clock=2917MHz (100%) | ram=13.2/16.8GB (79%) | it/s=4.51
2026-04-19 06:35:50,054 | INFO | [Monitor step=93400] temp=62C | gpu=99% | vram=4.7GB | clock=2917MHz (100%) | ram=13.2/16.8GB (79%) | it/s=4.51
2026-04-19 06:36:12,355 | INFO | [Monitor step=93500] temp=62C | gpu=98% | vram=4.7GB | clock=2917MHz (100%) | ram=13.2/16.8GB (79%) | it/s=4.51
2026-04-19 06:36:34,654 | INFO | [Monitor step=93600] temp=61C | gpu=99% | vram=4.7GB | clock=2917MHz (100%) | ram=13.2/16.8GB (79%) | it/s=4.51
2026-04-19 06:36:56,953 | INFO | [Monitor step=93700] temp=62C | gpu=99% | vram=4.7GB | clock=2917MHz (100%) | ram=13.2/16.8GB (79%) | it/s=4.51
2026-04-19 06:37:19,253 | INFO | [Monitor step=93800] temp=62C | gpu=99% | vram=4.7GB | clock=2917MHz (100%) | ram=13.2/16.8GB (79%) | it/s=4.51
2026-04-19 06:37:41,553 | INFO | [Monitor step=93900] temp=59C | gpu=99% | vram=4.7GB | clock=2917MHz (100%) | ram=13.2/16.8GB (79%) | it/s=4.50
2026-04-19 06:38:03,855 | INFO | [Monitor step=94000] temp=62C | gpu=100% | vram=4.7GB | clock=2917MHz (100%) | ram=13.2/16.8GB (79%) | it/s=4.50
2026-04-19 06:38:26,156 | INFO | [Monitor step=94100] temp=62C | gpu=99% | vram=4.7GB | clock=2917MHz (100%) | ram=13.2/16.8GB (79%) | it/s=4.50
2026-04-19 06:38:48,453 | INFO | [Monitor step=94200] temp=61C | gpu=98% | vram=4.7GB | clock=2917MHz (100%) | ram=13.2/16.8GB (79%) | it/s=4.50
2026-04-19 06:39:10,752 | INFO | [Monitor step=94300] temp=61C | gpu=98% | vram=4.7GB | clock=2917MHz (100%) | ram=13.2/16.8GB (79%) | it/s=4.50
2026-04-19 06:39:33,051 | INFO | [Monitor step=94400] temp=61C | gpu=98% | vram=4.7GB | clock=2917MHz (100%) | ram=13.2/16.8GB (79%) | it/s=4.51
2026-04-19 06:39:55,353 | INFO | [Monitor step=94500] temp=62C | gpu=100% | vram=4.7GB | clock=2917MHz (100%) | ram=13.2/16.8GB (79%) | it/s=4.51
2026-04-19 06:40:17,650 | INFO | [Monitor step=94600] temp=61C | gpu=99% | vram=4.7GB | clock=2917MHz (100%) | ram=13.2/16.8GB (79%) | it/s=4.51
2026-04-19 06:40:39,946 | INFO | [Monitor step=94700] temp=61C | gpu=99% | vram=4.7GB | clock=2917MHz (100%) | ram=13.2/16.8GB (79%) | it/s=4.51
2026-04-19 06:41:02,242 | INFO | [Monitor step=94800] temp=62C | gpu=98% | vram=4.7GB | clock=2917MHz (100%) | ram=13.0/16.8GB (77%) | it/s=4.51
2026-04-19 06:41:24,538 | INFO | [Monitor step=94900] temp=60C | gpu=99% | vram=4.7GB | clock=2917MHz (100%) | ram=13.0/16.8GB (78%) | it/s=4.51
2026-04-19 06:41:46,836 | INFO | [Monitor step=95000] temp=62C | gpu=100% | vram=4.7GB | clock=2917MHz (100%) | ram=13.0/16.8GB (78%) | it/s=4.51
2026-04-19 06:42:09,134 | INFO | [Monitor step=95100] temp=62C | gpu=99% | vram=4.7GB | clock=2917MHz (100%) | ram=13.0/16.8GB (78%) | it/s=4.52
2026-04-19 06:42:31,413 | INFO | [Monitor step=95200] temp=62C | gpu=99% | vram=4.7GB | clock=2917MHz (100%) | ram=13.0/16.8GB (78%) | it/s=4.51
2026-04-19 06:42:53,716 | INFO | [Monitor step=95300] temp=62C | gpu=97% | vram=4.7GB | clock=2917MHz (100%) | ram=13.1/16.8GB (78%) | it/s=4.50
2026-04-19 06:43:16,017 | INFO | [Monitor step=95400] temp=62C | gpu=99% | vram=4.7GB | clock=2917MHz (100%) | ram=13.1/16.8GB (78%) | it/s=4.50
2026-04-19 06:43:38,322 | INFO | [Monitor step=95500] temp=62C | gpu=100% | vram=4.7GB | clock=2917MHz (100%) | ram=13.1/16.8GB (78%) | it/s=4.51
2026-04-19 06:43:38,324 | INFO | Epoch 10 complete: train_loss=0.3262 | train_acc=99.92% | avg=4.51 it/s | time=35.5min
2026-04-19 06:43:38,489 | INFO |   Running validation...
2026-04-19 06:44:15,855 | INFO |   Val Accuracy:  99.05%
2026-04-19 06:44:15,855 | INFO |   Val F1:        99.05%
2026-04-19 06:44:15,856 | INFO |   Val Precision: 99.05%
2026-04-19 06:44:15,856 | INFO |   Val Recall:    99.05%
2026-04-19 06:44:15,857 | INFO |   Val Loss:      0.3398
2026-04-19 06:44:15,857 | INFO |   Train-Val Gap: 0.87%
2026-04-19 06:44:15,857 | INFO |   No improvement. Patience: 5/15
2026-04-19 06:44:15,858 | INFO | 
============================================================
EPOCH 11/15
============================================================
2026-04-19 06:44:38,223 | INFO | [Monitor step=95600] temp=62C | gpu=97% | vram=4.7GB | clock=2917MHz (100%) | ram=13.1/16.8GB (78%) | it/s=4.51
2026-04-19 06:45:00,524 | INFO | [Monitor step=95700] temp=62C | gpu=99% | vram=4.7GB | clock=2917MHz (100%) | ram=13.1/16.8GB (78%) | it/s=4.50
2026-04-19 06:45:22,826 | INFO | [Monitor step=95800] temp=62C | gpu=100% | vram=4.7GB | clock=2917MHz (100%) | ram=13.1/16.8GB (78%) | it/s=4.50
2026-04-19 06:45:45,122 | INFO | [Monitor step=95900] temp=62C | gpu=100% | vram=4.7GB | clock=2917MHz (100%) | ram=13.1/16.8GB (78%) | it/s=4.51
2026-04-19 06:46:07,422 | INFO | [Monitor step=96000] temp=62C | gpu=99% | vram=4.7GB | clock=2917MHz (100%) | ram=13.1/16.8GB (78%) | it/s=4.51
2026-04-19 06:46:29,720 | INFO | [Monitor step=96100] temp=62C | gpu=97% | vram=4.7GB | clock=2917MHz (100%) | ram=13.1/16.8GB (78%) | it/s=4.51
2026-04-19 06:46:52,020 | INFO | [Monitor step=96200] temp=62C | gpu=98% | vram=4.7GB | clock=2917MHz (100%) | ram=13.2/16.8GB (78%) | it/s=4.51
2026-04-19 06:47:14,326 | INFO | [Monitor step=96300] temp=62C | gpu=100% | vram=4.7GB | clock=2917MHz (100%) | ram=13.2/16.8GB (78%) | it/s=4.51
2026-04-19 06:47:36,628 | INFO | [Monitor step=96400] temp=62C | gpu=100% | vram=4.7GB | clock=2917MHz (100%) | ram=13.2/16.8GB (79%) | it/s=4.53
2026-04-19 06:47:58,910 | INFO | [Monitor step=96500] temp=62C | gpu=99% | vram=4.7GB | clock=2917MHz (100%) | ram=13.2/16.8GB (79%) | it/s=4.51
2026-04-19 06:48:21,216 | INFO | [Monitor step=96600] temp=62C | gpu=97% | vram=4.7GB | clock=2917MHz (100%) | ram=13.2/16.8GB (79%) | it/s=4.51
2026-04-19 06:48:43,517 | INFO | [Monitor step=96700] temp=62C | gpu=98% | vram=4.7GB | clock=2917MHz (100%) | ram=13.2/16.8GB (79%) | it/s=4.50
2026-04-19 06:49:05,818 | INFO | [Monitor step=96800] temp=62C | gpu=100% | vram=4.7GB | clock=2917MHz (100%) | ram=13.2/16.8GB (79%) | it/s=4.50
2026-04-19 06:49:28,119 | INFO | [Monitor step=96900] temp=62C | gpu=100% | vram=4.7GB | clock=2917MHz (100%) | ram=13.2/16.8GB (79%) | it/s=4.50
2026-04-19 06:49:50,422 | INFO | [Monitor step=97000] temp=62C | gpu=99% | vram=4.7GB | clock=2917MHz (100%) | ram=13.2/16.8GB (79%) | it/s=4.50
2026-04-19 06:50:12,733 | INFO | [Monitor step=97100] temp=62C | gpu=100% | vram=4.7GB | clock=2917MHz (100%) | ram=13.2/16.8GB (79%) | it/s=4.50
2026-04-19 06:50:35,034 | INFO | [Monitor step=97200] temp=62C | gpu=99% | vram=4.7GB | clock=2917MHz (100%) | ram=13.3/16.8GB (79%) | it/s=4.50
2026-04-19 06:50:57,342 | INFO | [Monitor step=97300] temp=62C | gpu=98% | vram=4.7GB | clock=2917MHz (100%) | ram=13.3/16.8GB (79%) | it/s=4.50
2026-04-19 06:51:19,648 | INFO | [Monitor step=97400] temp=61C | gpu=99% | vram=4.7GB | clock=2917MHz (100%) | ram=13.3/16.8GB (79%) | it/s=4.51
2026-04-19 06:51:41,952 | INFO | [Monitor step=97500] temp=59C | gpu=82% | vram=4.7GB | clock=2917MHz (100%) | ram=13.3/16.8GB (79%) | it/s=4.51
2026-04-19 06:52:04,259 | INFO | [Monitor step=97600] temp=61C | gpu=99% | vram=4.7GB | clock=2917MHz (100%) | ram=13.3/16.8GB (79%) | it/s=4.51
2026-04-19 06:52:26,544 | INFO | [Monitor step=97700] temp=61C | gpu=99% | vram=4.7GB | clock=2917MHz (100%) | ram=13.3/16.8GB (79%) | it/s=4.51
2026-04-19 06:52:48,852 | INFO | [Monitor step=97800] temp=62C | gpu=98% | vram=4.7GB | clock=2917MHz (100%) | ram=13.3/16.8GB (80%) | it/s=4.51
2026-04-19 06:53:11,158 | INFO | [Monitor step=97900] temp=61C | gpu=98% | vram=4.7GB | clock=2917MHz (100%) | ram=13.3/16.8GB (80%) | it/s=4.50
2026-04-19 06:53:33,464 | INFO | [Monitor step=98000] temp=60C | gpu=90% | vram=4.7GB | clock=2917MHz (100%) | ram=13.3/16.8GB (79%) | it/s=4.50
2026-04-19 06:53:55,766 | INFO | [Monitor step=98100] temp=62C | gpu=99% | vram=4.7GB | clock=2917MHz (100%) | ram=13.3/16.8GB (79%) | it/s=4.50
2026-04-19 06:54:18,067 | INFO | [Monitor step=98200] temp=62C | gpu=99% | vram=4.7GB | clock=2917MHz (100%) | ram=13.3/16.8GB (79%) | it/s=4.50
2026-04-19 06:54:40,368 | INFO | [Monitor step=98300] temp=62C | gpu=98% | vram=4.7GB | clock=2917MHz (100%) | ram=13.3/16.8GB (79%) | it/s=4.50
2026-04-19 06:55:02,670 | INFO | [Monitor step=98400] temp=61C | gpu=99% | vram=4.7GB | clock=2917MHz (100%) | ram=13.3/16.8GB (79%) | it/s=4.52
2026-04-19 06:55:24,968 | INFO | [Monitor step=98500] temp=62C | gpu=100% | vram=4.7GB | clock=2917MHz (100%) | ram=13.3/16.8GB (79%) | it/s=4.51
2026-04-19 06:55:47,268 | INFO | [Monitor step=98600] temp=61C | gpu=99% | vram=4.7GB | clock=2917MHz (100%) | ram=13.3/16.8GB (79%) | it/s=4.51
2026-04-19 06:56:09,570 | INFO | [Monitor step=98700] temp=61C | gpu=99% | vram=4.7GB | clock=2917MHz (100%) | ram=13.3/16.8GB (79%) | it/s=4.52
2026-04-19 06:56:31,870 | INFO | [Monitor step=98800] temp=62C | gpu=99% | vram=4.7GB | clock=2917MHz (100%) | ram=13.3/16.8GB (79%) | it/s=4.51
2026-04-19 06:56:54,171 | INFO | [Monitor step=98900] temp=61C | gpu=99% | vram=4.7GB | clock=2917MHz (100%) | ram=13.3/16.8GB (79%) | it/s=4.51
2026-04-19 06:57:16,478 | INFO | [Monitor step=99000] temp=62C | gpu=99% | vram=4.7GB | clock=2917MHz (100%) | ram=13.3/16.8GB (79%) | it/s=4.51
2026-04-19 06:57:38,779 | INFO | [Monitor step=99100] temp=62C | gpu=99% | vram=4.7GB | clock=2917MHz (100%) | ram=13.3/16.8GB (79%) | it/s=4.51
2026-04-19 06:58:01,082 | INFO | [Monitor step=99200] temp=62C | gpu=99% | vram=4.7GB | clock=2917MHz (100%) | ram=13.3/16.8GB (79%) | it/s=4.49
2026-04-19 06:58:23,382 | INFO | [Monitor step=99300] temp=62C | gpu=99% | vram=4.7GB | clock=2917MHz (100%) | ram=13.3/16.8GB (79%) | it/s=4.50
2026-04-19 06:58:45,685 | INFO | [Monitor step=99400] temp=61C | gpu=98% | vram=4.7GB | clock=2917MHz (100%) | ram=13.3/16.8GB (79%) | it/s=4.50
2026-04-19 06:59:07,984 | INFO | [Monitor step=99500] temp=62C | gpu=99% | vram=4.7GB | clock=2917MHz (100%) | ram=13.3/16.8GB (79%) | it/s=4.50
2026-04-19 06:59:30,288 | INFO | [Monitor step=99600] temp=61C | gpu=99% | vram=4.7GB | clock=2917MHz (100%) | ram=13.3/16.8GB (79%) | it/s=4.50
2026-04-19 06:59:52,610 | INFO | [Monitor step=99700] temp=61C | gpu=99% | vram=4.7GB | clock=2917MHz (100%) | ram=13.5/16.8GB (80%) | it/s=4.52
2026-04-19 07:00:14,909 | INFO | [Monitor step=99800] temp=61C | gpu=98% | vram=4.7GB | clock=2917MHz (100%) | ram=13.4/16.8GB (80%) | it/s=4.51
2026-04-19 07:00:37,208 | INFO | [Monitor step=99900] temp=61C | gpu=99% | vram=4.7GB | clock=2917MHz (100%) | ram=13.4/16.8GB (80%) | it/s=4.51
2026-04-19 07:00:59,502 | INFO | [Monitor step=100000] temp=61C | gpu=99% | vram=4.7GB | clock=2917MHz (100%) | ram=13.4/16.8GB (80%) | it/s=4.51
2026-04-19 07:01:21,797 | INFO | [Monitor step=100100] temp=61C | gpu=99% | vram=4.7GB | clock=2917MHz (100%) | ram=13.4/16.8GB (80%) | it/s=4.51
2026-04-19 07:01:44,071 | INFO | [Monitor step=100200] temp=61C | gpu=99% | vram=4.7GB | clock=2917MHz (100%) | ram=13.4/16.8GB (80%) | it/s=4.51
2026-04-19 07:02:06,370 | INFO | [Monitor step=100300] temp=62C | gpu=98% | vram=4.7GB | clock=2917MHz (100%) | ram=13.4/16.8GB (80%) | it/s=4.51
2026-04-19 07:02:28,639 | INFO | [Monitor step=100400] temp=62C | gpu=97% | vram=4.7GB | clock=2917MHz (100%) | ram=13.4/16.8GB (80%) | it/s=4.51
2026-04-19 07:02:50,943 | INFO | [Monitor step=100500] temp=61C | gpu=99% | vram=4.7GB | clock=2917MHz (100%) | ram=13.4/16.8GB (80%) | it/s=4.51
2026-04-19 07:03:13,251 | INFO | [Monitor step=100600] temp=62C | gpu=100% | vram=4.7GB | clock=2917MHz (100%) | ram=13.4/16.8GB (80%) | it/s=4.50
2026-04-19 07:03:35,549 | INFO | [Monitor step=100700] temp=62C | gpu=99% | vram=4.7GB | clock=2917MHz (100%) | ram=13.4/16.8GB (80%) | it/s=4.50
2026-04-19 07:03:57,849 | INFO | [Monitor step=100800] temp=62C | gpu=98% | vram=4.7GB | clock=2917MHz (100%) | ram=13.3/16.8GB (79%) | it/s=4.50
2026-04-19 07:04:20,148 | INFO | [Monitor step=100900] temp=62C | gpu=98% | vram=4.7GB | clock=2917MHz (100%) | ram=13.3/16.8GB (79%) | it/s=4.50
2026-04-19 07:04:42,449 | INFO | [Monitor step=101000] temp=61C | gpu=100% | vram=4.7GB | clock=2917MHz (100%) | ram=13.3/16.8GB (80%) | it/s=4.53
2026-04-19 07:05:04,731 | INFO | [Monitor step=101100] temp=61C | gpu=97% | vram=4.7GB | clock=2917MHz (100%) | ram=13.4/16.8GB (80%) | it/s=4.51
2026-04-19 07:05:27,029 | INFO | [Monitor step=101200] temp=59C | gpu=98% | vram=4.7GB | clock=2917MHz (100%) | ram=13.4/16.8GB (80%) | it/s=4.51
2026-04-19 07:05:49,327 | INFO | [Monitor step=101300] temp=62C | gpu=100% | vram=4.7GB | clock=2917MHz (100%) | ram=13.3/16.8GB (80%) | it/s=4.52
2026-04-19 07:06:11,621 | INFO | [Monitor step=101400] temp=61C | gpu=100% | vram=4.7GB | clock=2917MHz (100%) | ram=13.3/16.8GB (79%) | it/s=4.51
2026-04-19 07:06:33,919 | INFO | [Monitor step=101500] temp=62C | gpu=99% | vram=4.7GB | clock=2917MHz (100%) | ram=13.3/16.8GB (80%) | it/s=4.51
2026-04-19 07:06:56,220 | INFO | [Monitor step=101600] temp=61C | gpu=98% | vram=4.7GB | clock=2917MHz (100%) | ram=13.3/16.8GB (80%) | it/s=4.51
2026-04-19 07:07:18,521 | INFO | [Monitor step=101700] temp=61C | gpu=98% | vram=4.7GB | clock=2917MHz (100%) | ram=13.3/16.8GB (80%) | it/s=4.51
2026-04-19 07:07:40,821 | INFO | [Monitor step=101800] temp=59C | gpu=99% | vram=4.7GB | clock=2917MHz (100%) | ram=13.3/16.8GB (79%) | it/s=4.51
2026-04-19 07:08:03,120 | INFO | [Monitor step=101900] temp=61C | gpu=100% | vram=4.7GB | clock=2917MHz (100%) | ram=13.3/16.8GB (79%) | it/s=4.52
2026-04-19 07:08:25,418 | INFO | [Monitor step=102000] temp=62C | gpu=99% | vram=4.7GB | clock=2917MHz (100%) | ram=13.2/16.8GB (79%) | it/s=4.50
2026-04-19 07:08:47,716 | INFO | [Monitor step=102100] temp=61C | gpu=99% | vram=4.7GB | clock=2917MHz (100%) | ram=13.2/16.8GB (79%) | it/s=4.51
2026-04-19 07:09:10,017 | INFO | [Monitor step=102200] temp=61C | gpu=98% | vram=4.7GB | clock=2917MHz (100%) | ram=13.2/16.8GB (79%) | it/s=4.49
2026-04-19 07:09:32,318 | INFO | [Monitor step=102300] temp=61C | gpu=99% | vram=4.7GB | clock=2917MHz (100%) | ram=13.2/16.8GB (79%) | it/s=4.50
2026-04-19 07:09:54,622 | INFO | [Monitor step=102400] temp=62C | gpu=100% | vram=4.7GB | clock=2917MHz (100%) | ram=13.2/16.8GB (79%) | it/s=4.51
2026-04-19 07:10:16,920 | INFO | [Monitor step=102500] temp=62C | gpu=99% | vram=4.7GB | clock=2917MHz (100%) | ram=13.2/16.8GB (79%) | it/s=4.51
2026-04-19 07:10:39,218 | INFO | [Monitor step=102600] temp=61C | gpu=99% | vram=4.7GB | clock=2917MHz (100%) | ram=13.2/16.8GB (79%) | it/s=4.51
2026-04-19 07:11:01,519 | INFO | [Monitor step=102700] temp=61C | gpu=99% | vram=4.7GB | clock=2917MHz (100%) | ram=13.2/16.8GB (79%) | it/s=4.51
2026-04-19 07:11:23,816 | INFO | [Monitor step=102800] temp=60C | gpu=99% | vram=4.7GB | clock=2917MHz (100%) | ram=13.2/16.8GB (79%) | it/s=4.51
2026-04-19 07:11:46,115 | INFO | [Monitor step=102900] temp=62C | gpu=99% | vram=4.7GB | clock=2917MHz (100%) | ram=13.2/16.8GB (79%) | it/s=4.51
2026-04-19 07:12:08,416 | INFO | [Monitor step=103000] temp=61C | gpu=99% | vram=4.7GB | clock=2917MHz (100%) | ram=13.2/16.8GB (79%) | it/s=4.51
2026-04-19 07:12:30,695 | INFO | [Monitor step=103100] temp=61C | gpu=99% | vram=4.7GB | clock=2917MHz (100%) | ram=13.2/16.8GB (79%) | it/s=4.51
2026-04-19 07:12:52,994 | INFO | [Monitor step=103200] temp=62C | gpu=98% | vram=4.7GB | clock=2917MHz (100%) | ram=13.2/16.8GB (79%) | it/s=4.52
2026-04-19 07:13:15,294 | INFO | [Monitor step=103300] temp=62C | gpu=98% | vram=4.7GB | clock=2917MHz (100%) | ram=12.9/16.8GB (77%) | it/s=4.51
2026-04-19 07:13:37,595 | INFO | [Monitor step=103400] temp=62C | gpu=100% | vram=4.7GB | clock=2917MHz (100%) | ram=12.9/16.8GB (77%) | it/s=4.50
2026-04-19 07:13:59,897 | INFO | [Monitor step=103500] temp=62C | gpu=99% | vram=4.7GB | clock=2917MHz (100%) | ram=12.9/16.8GB (77%) | it/s=4.51
2026-04-19 07:14:22,199 | INFO | [Monitor step=103600] temp=62C | gpu=98% | vram=4.7GB | clock=2917MHz (100%) | ram=12.9/16.8GB (77%) | it/s=4.50
2026-04-19 07:14:44,495 | INFO | [Monitor step=103700] temp=62C | gpu=98% | vram=4.7GB | clock=2917MHz (100%) | ram=13.0/16.8GB (78%) | it/s=4.50
2026-04-19 07:15:06,798 | INFO | [Monitor step=103800] temp=61C | gpu=98% | vram=4.7GB | clock=2917MHz (100%) | ram=13.0/16.8GB (78%) | it/s=4.50
2026-04-19 07:15:29,097 | INFO | [Monitor step=103900] temp=62C | gpu=100% | vram=4.7GB | clock=2917MHz (100%) | ram=13.0/16.8GB (78%) | it/s=4.51
2026-04-19 07:15:51,401 | INFO | [Monitor step=104000] temp=62C | gpu=99% | vram=4.7GB | clock=2917MHz (100%) | ram=13.0/16.8GB (78%) | it/s=4.51
2026-04-19 07:16:13,703 | INFO | [Monitor step=104100] temp=62C | gpu=99% | vram=4.7GB | clock=2917MHz (100%) | ram=13.0/16.8GB (78%) | it/s=4.51
2026-04-19 07:16:36,001 | INFO | [Monitor step=104200] temp=62C | gpu=99% | vram=4.7GB | clock=2917MHz (100%) | ram=13.0/16.8GB (78%) | it/s=4.52
2026-04-19 07:16:58,303 | INFO | [Monitor step=104300] temp=62C | gpu=98% | vram=4.7GB | clock=2917MHz (100%) | ram=13.0/16.8GB (78%) | it/s=4.51
2026-04-19 07:17:20,604 | INFO | [Monitor step=104400] temp=62C | gpu=100% | vram=4.7GB | clock=2917MHz (100%) | ram=13.1/16.8GB (78%) | it/s=4.51
2026-04-19 07:17:42,904 | INFO | [Monitor step=104500] temp=61C | gpu=99% | vram=4.7GB | clock=2917MHz (100%) | ram=13.1/16.8GB (78%) | it/s=4.51
2026-04-19 07:18:05,206 | INFO | [Monitor step=104600] temp=62C | gpu=98% | vram=4.7GB | clock=2917MHz (100%) | ram=13.1/16.8GB (78%) | it/s=4.52
2026-04-19 07:18:27,506 | INFO | [Monitor step=104700] temp=62C | gpu=98% | vram=4.7GB | clock=2917MHz (100%) | ram=13.1/16.8GB (78%) | it/s=4.51
2026-04-19 07:18:49,807 | INFO | [Monitor step=104800] temp=62C | gpu=98% | vram=4.7GB | clock=2917MHz (100%) | ram=13.1/16.8GB (78%) | it/s=4.50
2026-04-19 07:19:12,107 | INFO | [Monitor step=104900] temp=61C | gpu=100% | vram=4.7GB | clock=2917MHz (100%) | ram=13.1/16.8GB (78%) | it/s=4.50
2026-04-19 07:19:34,408 | INFO | [Monitor step=105000] temp=61C | gpu=99% | vram=4.7GB | clock=2917MHz (100%) | ram=13.1/16.8GB (78%) | it/s=4.50
2026-04-19 07:19:45,547 | INFO | Epoch 11 complete: train_loss=0.3260 | train_acc=99.94% | avg=4.51 it/s | time=35.5min
2026-04-19 07:19:45,709 | INFO |   Running validation...
2026-04-19 07:20:23,073 | INFO |   Val Accuracy:  99.13%
2026-04-19 07:20:23,073 | INFO |   Val F1:        99.13%
2026-04-19 07:20:23,074 | INFO |   Val Precision: 99.13%
2026-04-19 07:20:23,074 | INFO |   Val Recall:    99.13%
2026-04-19 07:20:23,074 | INFO |   Val Loss:      0.3393
2026-04-19 07:20:23,074 | INFO |   Train-Val Gap: 0.81%
2026-04-19 07:20:23,074 | INFO |   No improvement. Patience: 6/15
2026-04-19 07:20:23,075 | INFO | 
============================================================
EPOCH 12/15
============================================================
2026-04-19 07:20:34,305 | INFO | [Monitor step=105100] temp=61C | gpu=98% | vram=4.7GB | clock=2917MHz (100%) | ram=13.2/16.8GB (79%) | it/s=4.50
2026-04-19 07:20:56,603 | INFO | [Monitor step=105200] temp=62C | gpu=97% | vram=4.7GB | clock=2917MHz (100%) | ram=13.2/16.8GB (79%) | it/s=4.50
2026-04-19 07:21:18,904 | INFO | [Monitor step=105300] temp=62C | gpu=98% | vram=4.7GB | clock=2917MHz (100%) | ram=13.2/16.8GB (79%) | it/s=4.51
2026-04-19 07:21:41,206 | INFO | [Monitor step=105400] temp=63C | gpu=100% | vram=4.7GB | clock=2917MHz (100%) | ram=13.2/16.8GB (79%) | it/s=4.51
2026-04-19 07:22:03,507 | INFO | [Monitor step=105500] temp=62C | gpu=100% | vram=4.7GB | clock=2917MHz (100%) | ram=13.2/16.8GB (79%) | it/s=4.51
2026-04-19 07:22:25,787 | INFO | [Monitor step=105600] temp=62C | gpu=100% | vram=4.7GB | clock=2917MHz (100%) | ram=13.2/16.8GB (79%) | it/s=4.51
2026-04-19 07:22:48,082 | INFO | [Monitor step=105700] temp=62C | gpu=97% | vram=4.7GB | clock=2917MHz (100%) | ram=13.2/16.8GB (79%) | it/s=4.51
2026-04-19 07:23:10,381 | INFO | [Monitor step=105800] temp=62C | gpu=98% | vram=4.7GB | clock=2917MHz (100%) | ram=13.2/16.8GB (79%) | it/s=4.52
2026-04-19 07:23:32,679 | INFO | [Monitor step=105900] temp=61C | gpu=99% | vram=4.7GB | clock=2917MHz (100%) | ram=13.1/16.8GB (78%) | it/s=4.51
2026-04-19 07:23:54,976 | INFO | [Monitor step=106000] temp=62C | gpu=100% | vram=4.7GB | clock=2917MHz (100%) | ram=13.2/16.8GB (78%) | it/s=4.51
2026-04-19 07:24:17,274 | INFO | [Monitor step=106100] temp=60C | gpu=99% | vram=4.7GB | clock=2917MHz (100%) | ram=13.1/16.8GB (78%) | it/s=4.50
2026-04-19 07:24:39,572 | INFO | [Monitor step=106200] temp=61C | gpu=100% | vram=4.7GB | clock=2917MHz (100%) | ram=13.1/16.8GB (78%) | it/s=4.51
2026-04-19 07:25:01,867 | INFO | [Monitor step=106300] temp=62C | gpu=100% | vram=4.7GB | clock=2917MHz (100%) | ram=13.1/16.8GB (78%) | it/s=4.51
2026-04-19 07:25:24,163 | INFO | [Monitor step=106400] temp=62C | gpu=99% | vram=4.7GB | clock=2917MHz (100%) | ram=13.1/16.8GB (78%) | it/s=4.50
2026-04-19 07:25:46,464 | INFO | [Monitor step=106500] temp=61C | gpu=98% | vram=4.7GB | clock=2917MHz (100%) | ram=13.1/16.8GB (78%) | it/s=4.50
2026-04-19 07:26:08,765 | INFO | [Monitor step=106600] temp=61C | gpu=99% | vram=4.7GB | clock=2917MHz (100%) | ram=13.1/16.8GB (78%) | it/s=4.50
2026-04-19 07:26:31,068 | INFO | [Monitor step=106700] temp=62C | gpu=100% | vram=4.7GB | clock=2917MHz (100%) | ram=13.1/16.8GB (78%) | it/s=4.51
2026-04-19 07:26:53,367 | INFO | [Monitor step=106800] temp=61C | gpu=99% | vram=4.7GB | clock=2917MHz (100%) | ram=13.1/16.8GB (78%) | it/s=4.51
2026-04-19 07:27:15,671 | INFO | [Monitor step=106900] temp=62C | gpu=99% | vram=4.7GB | clock=2917MHz (100%) | ram=13.1/16.8GB (78%) | it/s=4.51
2026-04-19 07:27:37,971 | INFO | [Monitor step=107000] temp=62C | gpu=100% | vram=4.7GB | clock=2917MHz (100%) | ram=13.1/16.8GB (78%) | it/s=4.52
2026-04-19 07:28:00,274 | INFO | [Monitor step=107100] temp=61C | gpu=98% | vram=4.7GB | clock=2917MHz (100%) | ram=13.1/16.8GB (78%) | it/s=4.50
2026-04-19 07:28:22,579 | INFO | [Monitor step=107200] temp=62C | gpu=97% | vram=4.7GB | clock=2917MHz (100%) | ram=13.1/16.8GB (78%) | it/s=4.51
2026-04-19 07:28:44,882 | INFO | [Monitor step=107300] temp=59C | gpu=98% | vram=4.7GB | clock=2917MHz (100%) | ram=13.1/16.8GB (78%) | it/s=4.51
2026-04-19 07:29:07,190 | INFO | [Monitor step=107400] temp=62C | gpu=100% | vram=4.7GB | clock=2917MHz (100%) | ram=13.1/16.8GB (78%) | it/s=4.50
2026-04-19 07:29:29,490 | INFO | [Monitor step=107500] temp=62C | gpu=100% | vram=4.7GB | clock=2917MHz (100%) | ram=13.1/16.8GB (78%) | it/s=4.50
2026-04-19 07:29:51,795 | INFO | [Monitor step=107600] temp=61C | gpu=98% | vram=4.7GB | clock=2917MHz (100%) | ram=13.1/16.8GB (78%) | it/s=4.50
2026-04-19 07:30:14,098 | INFO | [Monitor step=107700] temp=62C | gpu=97% | vram=4.7GB | clock=2917MHz (100%) | ram=13.1/16.8GB (78%) | it/s=4.50
2026-04-19 07:30:36,402 | INFO | [Monitor step=107800] temp=62C | gpu=100% | vram=4.7GB | clock=2917MHz (100%) | ram=13.1/16.8GB (78%) | it/s=4.50
2026-04-19 07:30:58,703 | INFO | [Monitor step=107900] temp=61C | gpu=100% | vram=4.7GB | clock=2917MHz (100%) | ram=13.1/16.8GB (78%) | it/s=4.51
2026-04-19 07:31:21,001 | INFO | [Monitor step=108000] temp=61C | gpu=100% | vram=4.7GB | clock=2917MHz (100%) | ram=13.1/16.8GB (78%) | it/s=4.51
2026-04-19 07:31:43,284 | INFO | [Monitor step=108100] temp=61C | gpu=99% | vram=4.7GB | clock=2917MHz (100%) | ram=13.2/16.8GB (78%) | it/s=4.51
2026-04-19 07:32:05,585 | INFO | [Monitor step=108200] temp=61C | gpu=98% | vram=4.7GB | clock=2917MHz (100%) | ram=13.1/16.8GB (78%) | it/s=4.52
2026-04-19 07:32:27,866 | INFO | [Monitor step=108300] temp=62C | gpu=99% | vram=4.7GB | clock=2917MHz (100%) | ram=13.1/16.8GB (78%) | it/s=4.51
2026-04-19 07:32:50,170 | INFO | [Monitor step=108400] temp=59C | gpu=99% | vram=4.7GB | clock=2917MHz (100%) | ram=13.1/16.8GB (78%) | it/s=4.51
2026-04-19 07:33:12,478 | INFO | [Monitor step=108500] temp=61C | gpu=100% | vram=4.7GB | clock=2917MHz (100%) | ram=13.1/16.8GB (78%) | it/s=4.51
2026-04-19 07:33:34,781 | INFO | [Monitor step=108600] temp=62C | gpu=99% | vram=4.7GB | clock=2917MHz (100%) | ram=13.1/16.8GB (78%) | it/s=4.51
2026-04-19 07:33:57,080 | INFO | [Monitor step=108700] temp=61C | gpu=99% | vram=4.7GB | clock=2917MHz (100%) | ram=13.1/16.8GB (78%) | it/s=4.51
2026-04-19 07:34:19,380 | INFO | [Monitor step=108800] temp=61C | gpu=98% | vram=4.7GB | clock=2917MHz (100%) | ram=13.1/16.8GB (78%) | it/s=4.50
2026-04-19 07:34:41,680 | INFO | [Monitor step=108900] temp=59C | gpu=99% | vram=4.7GB | clock=2917MHz (100%) | ram=13.1/16.8GB (78%) | it/s=4.50
2026-04-19 07:35:03,979 | INFO | [Monitor step=109000] temp=62C | gpu=99% | vram=4.7GB | clock=2917MHz (100%) | ram=13.2/16.8GB (79%) | it/s=4.51
2026-04-19 07:35:26,278 | INFO | [Monitor step=109100] temp=62C | gpu=99% | vram=4.7GB | clock=2917MHz (100%) | ram=13.2/16.8GB (79%) | it/s=4.50
2026-04-19 07:35:48,578 | INFO | [Monitor step=109200] temp=62C | gpu=98% | vram=4.7GB | clock=2917MHz (100%) | ram=13.1/16.8GB (78%) | it/s=4.50
2026-04-19 07:36:10,881 | INFO | [Monitor step=109300] temp=62C | gpu=98% | vram=4.7GB | clock=2917MHz (100%) | ram=13.1/16.8GB (78%) | it/s=4.51
2026-04-19 07:36:33,178 | INFO | [Monitor step=109400] temp=59C | gpu=99% | vram=4.7GB | clock=2917MHz (100%) | ram=13.1/16.8GB (78%) | it/s=4.51
2026-04-19 07:36:55,478 | INFO | [Monitor step=109500] temp=61C | gpu=99% | vram=4.7GB | clock=2917MHz (100%) | ram=13.1/16.8GB (78%) | it/s=4.51
2026-04-19 07:37:17,779 | INFO | [Monitor step=109600] temp=61C | gpu=99% | vram=4.7GB | clock=2917MHz (100%) | ram=13.1/16.8GB (78%) | it/s=4.51
2026-04-19 07:37:40,078 | INFO | [Monitor step=109700] temp=61C | gpu=99% | vram=4.7GB | clock=2917MHz (100%) | ram=13.1/16.8GB (78%) | it/s=4.51
2026-04-19 07:38:02,381 | INFO | [Monitor step=109800] temp=62C | gpu=98% | vram=4.7GB | clock=2917MHz (100%) | ram=13.1/16.8GB (78%) | it/s=4.51
2026-04-19 07:38:24,685 | INFO | [Monitor step=109900] temp=59C | gpu=99% | vram=4.7GB | clock=2917MHz (100%) | ram=13.1/16.8GB (78%) | it/s=4.51
2026-04-19 07:38:46,983 | INFO | [Monitor step=110000] temp=61C | gpu=99% | vram=4.7GB | clock=2917MHz (100%) | ram=13.1/16.8GB (78%) | it/s=4.51
2026-04-19 07:39:09,287 | INFO | [Monitor step=110100] temp=61C | gpu=99% | vram=4.7GB | clock=2917MHz (100%) | ram=13.1/16.8GB (78%) | it/s=4.51
2026-04-19 07:39:31,587 | INFO | [Monitor step=110200] temp=61C | gpu=98% | vram=4.7GB | clock=2917MHz (100%) | ram=13.1/16.8GB (78%) | it/s=4.51
2026-04-19 07:39:53,890 | INFO | [Monitor step=110300] temp=60C | gpu=98% | vram=4.7GB | clock=2917MHz (100%) | ram=13.1/16.8GB (78%) | it/s=4.50
2026-04-19 07:40:16,194 | INFO | [Monitor step=110400] temp=61C | gpu=99% | vram=4.7GB | clock=2917MHz (100%) | ram=13.1/16.8GB (78%) | it/s=4.50
2026-04-19 07:40:38,494 | INFO | [Monitor step=110500] temp=61C | gpu=99% | vram=4.7GB | clock=2917MHz (100%) | ram=13.1/16.8GB (78%) | it/s=4.50
2026-04-19 07:41:00,797 | INFO | [Monitor step=110600] temp=62C | gpu=99% | vram=4.7GB | clock=2917MHz (100%) | ram=13.1/16.8GB (78%) | it/s=4.51
2026-04-19 07:41:23,098 | INFO | [Monitor step=110700] temp=62C | gpu=98% | vram=4.7GB | clock=2917MHz (100%) | ram=13.1/16.8GB (78%) | it/s=4.51
2026-04-19 07:41:45,398 | INFO | [Monitor step=110800] temp=61C | gpu=99% | vram=4.7GB | clock=2917MHz (100%) | ram=13.1/16.8GB (78%) | it/s=4.51
2026-04-19 07:42:07,698 | INFO | [Monitor step=110900] temp=61C | gpu=99% | vram=4.7GB | clock=2917MHz (100%) | ram=13.1/16.8GB (78%) | it/s=4.51
2026-04-19 07:42:29,980 | INFO | [Monitor step=111000] temp=62C | gpu=99% | vram=4.7GB | clock=2917MHz (100%) | ram=13.1/16.8GB (78%) | it/s=4.51
2026-04-19 07:42:52,282 | INFO | [Monitor step=111100] temp=59C | gpu=99% | vram=4.7GB | clock=2917MHz (100%) | ram=13.2/16.8GB (78%) | it/s=4.51
2026-04-19 07:43:14,581 | INFO | [Monitor step=111200] temp=62C | gpu=97% | vram=4.7GB | clock=2917MHz (100%) | ram=13.2/16.8GB (78%) | it/s=4.51
2026-04-19 07:43:36,886 | INFO | [Monitor step=111300] temp=62C | gpu=99% | vram=4.7GB | clock=2917MHz (100%) | ram=13.2/16.8GB (78%) | it/s=4.51
2026-04-19 07:43:59,186 | INFO | [Monitor step=111400] temp=62C | gpu=99% | vram=4.7GB | clock=2917MHz (100%) | ram=12.8/16.8GB (77%) | it/s=4.50
2026-04-19 07:44:21,486 | INFO | [Monitor step=111500] temp=62C | gpu=98% | vram=4.7GB | clock=2917MHz (100%) | ram=12.9/16.8GB (77%) | it/s=4.51
2026-04-19 07:44:43,786 | INFO | [Monitor step=111600] temp=59C | gpu=98% | vram=4.7GB | clock=2917MHz (100%) | ram=12.9/16.8GB (77%) | it/s=4.50
2026-04-19 07:45:06,086 | INFO | [Monitor step=111700] temp=62C | gpu=98% | vram=4.7GB | clock=2917MHz (100%) | ram=12.9/16.8GB (77%) | it/s=4.50
2026-04-19 07:45:28,388 | INFO | [Monitor step=111800] temp=62C | gpu=99% | vram=4.7GB | clock=2917MHz (100%) | ram=12.9/16.8GB (77%) | it/s=4.50
2026-04-19 07:45:50,688 | INFO | [Monitor step=111900] temp=62C | gpu=99% | vram=4.7GB | clock=2917MHz (100%) | ram=12.9/16.8GB (77%) | it/s=4.51
2026-04-19 07:46:12,987 | INFO | [Monitor step=112000] temp=62C | gpu=98% | vram=4.7GB | clock=2917MHz (100%) | ram=12.9/16.8GB (77%) | it/s=4.51
2026-04-19 07:46:35,287 | INFO | [Monitor step=112100] temp=60C | gpu=98% | vram=4.7GB | clock=2917MHz (100%) | ram=12.9/16.8GB (77%) | it/s=4.51
2026-04-19 07:46:57,587 | INFO | [Monitor step=112200] temp=62C | gpu=99% | vram=4.7GB | clock=2917MHz (100%) | ram=12.9/16.8GB (77%) | it/s=4.52
2026-04-19 07:47:19,889 | INFO | [Monitor step=112300] temp=62C | gpu=99% | vram=4.7GB | clock=2917MHz (100%) | ram=13.0/16.8GB (77%) | it/s=4.51
2026-04-19 07:47:42,168 | INFO | [Monitor step=112400] temp=61C | gpu=98% | vram=4.7GB | clock=2917MHz (100%) | ram=13.0/16.8GB (78%) | it/s=4.51
2026-04-19 07:48:04,471 | INFO | [Monitor step=112500] temp=62C | gpu=99% | vram=4.7GB | clock=2917MHz (100%) | ram=13.0/16.8GB (78%) | it/s=4.51
2026-04-19 07:48:26,775 | INFO | [Monitor step=112600] temp=62C | gpu=99% | vram=4.7GB | clock=2917MHz (100%) | ram=13.0/16.8GB (78%) | it/s=4.51
2026-04-19 07:48:49,073 | INFO | [Monitor step=112700] temp=62C | gpu=100% | vram=4.7GB | clock=2917MHz (100%) | ram=13.0/16.8GB (78%) | it/s=4.51
2026-04-19 07:49:11,374 | INFO | [Monitor step=112800] temp=61C | gpu=99% | vram=4.7GB | clock=2917MHz (100%) | ram=13.1/16.8GB (78%) | it/s=4.50
2026-04-19 07:49:33,675 | INFO | [Monitor step=112900] temp=59C | gpu=99% | vram=4.7GB | clock=2917MHz (100%) | ram=13.0/16.8GB (78%) | it/s=4.51
2026-04-19 07:49:55,978 | INFO | [Monitor step=113000] temp=62C | gpu=99% | vram=4.7GB | clock=2917MHz (100%) | ram=13.1/16.8GB (78%) | it/s=4.50
2026-04-19 07:50:18,280 | INFO | [Monitor step=113100] temp=62C | gpu=98% | vram=4.7GB | clock=2917MHz (100%) | ram=13.1/16.8GB (78%) | it/s=4.50
2026-04-19 07:50:40,579 | INFO | [Monitor step=113200] temp=62C | gpu=98% | vram=4.7GB | clock=2917MHz (100%) | ram=13.1/16.8GB (78%) | it/s=4.51
2026-04-19 07:51:02,881 | INFO | [Monitor step=113300] temp=61C | gpu=99% | vram=4.7GB | clock=2917MHz (100%) | ram=13.1/16.8GB (78%) | it/s=4.51
2026-04-19 07:51:25,160 | INFO | [Monitor step=113400] temp=62C | gpu=100% | vram=4.7GB | clock=2917MHz (100%) | ram=13.1/16.8GB (78%) | it/s=4.51
2026-04-19 07:51:47,463 | INFO | [Monitor step=113500] temp=62C | gpu=100% | vram=4.7GB | clock=2917MHz (100%) | ram=12.9/16.8GB (77%) | it/s=4.51
2026-04-19 07:52:09,764 | INFO | [Monitor step=113600] temp=62C | gpu=99% | vram=4.7GB | clock=2917MHz (100%) | ram=12.9/16.8GB (77%) | it/s=4.52
2026-04-19 07:52:32,044 | INFO | [Monitor step=113700] temp=62C | gpu=98% | vram=4.7GB | clock=2917MHz (100%) | ram=12.9/16.8GB (77%) | it/s=4.51
2026-04-19 07:52:54,346 | INFO | [Monitor step=113800] temp=62C | gpu=97% | vram=4.7GB | clock=2917MHz (100%) | ram=13.0/16.8GB (78%) | it/s=4.51
2026-04-19 07:53:16,649 | INFO | [Monitor step=113900] temp=62C | gpu=98% | vram=4.7GB | clock=2917MHz (100%) | ram=13.0/16.8GB (78%) | it/s=4.51
2026-04-19 07:53:38,949 | INFO | [Monitor step=114000] temp=61C | gpu=100% | vram=4.7GB | clock=2917MHz (100%) | ram=13.0/16.8GB (78%) | it/s=4.51
2026-04-19 07:54:01,252 | INFO | [Monitor step=114100] temp=62C | gpu=100% | vram=4.7GB | clock=2917MHz (100%) | ram=13.0/16.8GB (78%) | it/s=4.50
2026-04-19 07:54:23,550 | INFO | [Monitor step=114200] temp=62C | gpu=98% | vram=4.7GB | clock=2917MHz (100%) | ram=13.0/16.8GB (78%) | it/s=4.50
2026-04-19 07:54:45,846 | INFO | [Monitor step=114300] temp=62C | gpu=97% | vram=4.7GB | clock=2917MHz (100%) | ram=13.0/16.8GB (78%) | it/s=4.50
2026-04-19 07:55:08,143 | INFO | [Monitor step=114400] temp=60C | gpu=99% | vram=4.7GB | clock=2917MHz (100%) | ram=13.1/16.8GB (78%) | it/s=4.51
2026-04-19 07:55:30,440 | INFO | [Monitor step=114500] temp=62C | gpu=100% | vram=4.7GB | clock=2917MHz (100%) | ram=13.1/16.8GB (78%) | it/s=4.50
2026-04-19 07:55:52,744 | INFO | [Monitor step=114600] temp=61C | gpu=99% | vram=4.7GB | clock=2917MHz (100%) | ram=12.9/16.8GB (77%) | it/s=4.50
2026-04-19 07:55:52,746 | INFO | Epoch 12 complete: train_loss=0.3257 | train_acc=99.95% | avg=4.51 it/s | time=35.5min
2026-04-19 07:55:52,910 | INFO |   Running validation...
2026-04-19 07:56:30,278 | INFO |   Val Accuracy:  99.15%
2026-04-19 07:56:30,279 | INFO |   Val F1:        99.15%
2026-04-19 07:56:30,280 | INFO |   Val Precision: 99.15%
2026-04-19 07:56:30,280 | INFO |   Val Recall:    99.15%
2026-04-19 07:56:30,280 | INFO |   Val Loss:      0.3391
2026-04-19 07:56:30,280 | INFO |   Train-Val Gap: 0.81%
2026-04-19 07:56:37,602 | INFO |   Checkpoint saved: ./models/vit-base-mrl-augmented-2\best_model
2026-04-19 07:56:37,602 | INFO |   New best: 99.15%
2026-04-19 07:56:37,603 | INFO | 
============================================================
EPOCH 13/15
============================================================
2026-04-19 07:57:00,343 | INFO | [Monitor step=114700] temp=61C | gpu=97% | vram=4.7GB | clock=2917MHz (100%) | ram=12.9/16.8GB (77%) | it/s=4.51
2026-04-19 07:57:22,635 | INFO | [Monitor step=114800] temp=61C | gpu=98% | vram=4.7GB | clock=2917MHz (100%) | ram=12.9/16.8GB (77%) | it/s=4.51
2026-04-19 07:57:44,930 | INFO | [Monitor step=114900] temp=59C | gpu=99% | vram=4.7GB | clock=2917MHz (100%) | ram=12.9/16.8GB (77%) | it/s=4.50
2026-04-19 07:58:07,228 | INFO | [Monitor step=115000] temp=61C | gpu=99% | vram=4.7GB | clock=2917MHz (100%) | ram=13.0/16.8GB (77%) | it/s=4.50
2026-04-19 07:58:29,524 | INFO | [Monitor step=115100] temp=59C | gpu=99% | vram=4.7GB | clock=2917MHz (100%) | ram=13.0/16.8GB (77%) | it/s=4.50
2026-04-19 07:58:51,823 | INFO | [Monitor step=115200] temp=62C | gpu=100% | vram=4.7GB | clock=2917MHz (100%) | ram=13.0/16.8GB (77%) | it/s=4.50
2026-04-19 07:59:14,123 | INFO | [Monitor step=115300] temp=62C | gpu=99% | vram=4.7GB | clock=2917MHz (100%) | ram=13.0/16.8GB (77%) | it/s=4.50
2026-04-19 07:59:36,421 | INFO | [Monitor step=115400] temp=61C | gpu=99% | vram=4.7GB | clock=2917MHz (100%) | ram=13.0/16.8GB (77%) | it/s=4.51
2026-04-19 07:59:58,722 | INFO | [Monitor step=115500] temp=62C | gpu=99% | vram=4.7GB | clock=2917MHz (100%) | ram=13.0/16.8GB (78%) | it/s=4.51
2026-04-19 08:00:21,019 | INFO | [Monitor step=115600] temp=61C | gpu=98% | vram=4.7GB | clock=2917MHz (100%) | ram=13.0/16.8GB (78%) | it/s=4.51
2026-04-19 08:00:43,319 | INFO | [Monitor step=115700] temp=60C | gpu=94% | vram=4.7GB | clock=2917MHz (100%) | ram=13.0/16.8GB (78%) | it/s=4.51
2026-04-19 08:01:05,620 | INFO | [Monitor step=115800] temp=61C | gpu=99% | vram=4.7GB | clock=2917MHz (100%) | ram=13.0/16.8GB (78%) | it/s=4.51
2026-04-19 08:01:27,919 | INFO | [Monitor step=115900] temp=62C | gpu=99% | vram=4.7GB | clock=2917MHz (100%) | ram=13.0/16.8GB (78%) | it/s=4.52
2026-04-19 08:01:50,222 | INFO | [Monitor step=116000] temp=62C | gpu=98% | vram=4.7GB | clock=2917MHz (100%) | ram=13.0/16.8GB (78%) | it/s=4.51
2026-04-19 08:02:12,525 | INFO | [Monitor step=116100] temp=61C | gpu=99% | vram=4.7GB | clock=2917MHz (100%) | ram=13.1/16.8GB (78%) | it/s=4.51
2026-04-19 08:02:34,806 | INFO | [Monitor step=116200] temp=62C | gpu=100% | vram=4.7GB | clock=2917MHz (100%) | ram=13.1/16.8GB (78%) | it/s=4.51
2026-04-19 08:02:57,111 | INFO | [Monitor step=116300] temp=62C | gpu=99% | vram=4.7GB | clock=2917MHz (100%) | ram=13.1/16.8GB (78%) | it/s=4.50
2026-04-19 08:03:19,412 | INFO | [Monitor step=116400] temp=61C | gpu=99% | vram=4.7GB | clock=2917MHz (100%) | ram=12.9/16.8GB (77%) | it/s=4.51
2026-04-19 08:03:41,715 | INFO | [Monitor step=116500] temp=62C | gpu=98% | vram=4.7GB | clock=2917MHz (100%) | ram=12.9/16.8GB (77%) | it/s=4.51
2026-04-19 08:04:04,019 | INFO | [Monitor step=116600] temp=62C | gpu=99% | vram=4.7GB | clock=2917MHz (100%) | ram=12.9/16.8GB (77%) | it/s=4.50
2026-04-19 08:04:26,320 | INFO | [Monitor step=116700] temp=62C | gpu=100% | vram=4.7GB | clock=2917MHz (100%) | ram=12.9/16.8GB (77%) | it/s=4.50
2026-04-19 08:04:48,612 | INFO | [Monitor step=116800] temp=62C | gpu=99% | vram=4.7GB | clock=2917MHz (100%) | ram=13.0/16.8GB (77%) | it/s=4.50
2026-04-19 08:05:10,922 | INFO | [Monitor step=116900] temp=62C | gpu=99% | vram=4.7GB | clock=2917MHz (100%) | ram=13.0/16.8GB (78%) | it/s=4.51
2026-04-19 08:05:33,222 | INFO | [Monitor step=117000] temp=62C | gpu=98% | vram=4.7GB | clock=2917MHz (100%) | ram=13.0/16.8GB (78%) | it/s=4.51
2026-04-19 08:05:55,524 | INFO | [Monitor step=117100] temp=62C | gpu=98% | vram=4.7GB | clock=2917MHz (100%) | ram=13.0/16.8GB (77%) | it/s=4.52
2026-04-19 08:06:17,829 | INFO | [Monitor step=117200] temp=62C | gpu=99% | vram=4.7GB | clock=2917MHz (100%) | ram=13.0/16.8GB (77%) | it/s=4.51
2026-04-19 08:06:40,128 | INFO | [Monitor step=117300] temp=62C | gpu=99% | vram=4.7GB | clock=2917MHz (100%) | ram=13.0/16.8GB (77%) | it/s=4.51
2026-04-19 08:07:02,432 | INFO | [Monitor step=117400] temp=62C | gpu=99% | vram=4.7GB | clock=2917MHz (100%) | ram=13.0/16.8GB (78%) | it/s=4.51
2026-04-19 08:07:24,736 | INFO | [Monitor step=117500] temp=62C | gpu=98% | vram=4.7GB | clock=2917MHz (100%) | ram=13.0/16.8GB (78%) | it/s=4.50
2026-04-19 08:07:47,035 | INFO | [Monitor step=117600] temp=61C | gpu=99% | vram=4.7GB | clock=2917MHz (100%) | ram=13.0/16.8GB (78%) | it/s=4.50
2026-04-19 08:08:09,339 | INFO | [Monitor step=117700] temp=61C | gpu=99% | vram=4.7GB | clock=2917MHz (100%) | ram=13.0/16.8GB (78%) | it/s=4.51
2026-04-19 08:08:31,640 | INFO | [Monitor step=117800] temp=62C | gpu=99% | vram=4.7GB | clock=2917MHz (100%) | ram=12.9/16.8GB (77%) | it/s=4.50
2026-04-19 08:08:53,938 | INFO | [Monitor step=117900] temp=61C | gpu=98% | vram=4.7GB | clock=2917MHz (100%) | ram=12.9/16.8GB (77%) | it/s=4.50
2026-04-19 08:09:16,239 | INFO | [Monitor step=118000] temp=62C | gpu=99% | vram=4.7GB | clock=2917MHz (100%) | ram=12.9/16.8GB (77%) | it/s=4.51
2026-04-19 08:09:38,539 | INFO | [Monitor step=118100] temp=60C | gpu=98% | vram=4.7GB | clock=2917MHz (100%) | ram=12.9/16.8GB (77%) | it/s=4.51
2026-04-19 08:10:00,839 | INFO | [Monitor step=118200] temp=62C | gpu=99% | vram=4.7GB | clock=2917MHz (100%) | ram=12.9/16.8GB (77%) | it/s=4.51
2026-04-19 08:10:23,137 | INFO | [Monitor step=118300] temp=62C | gpu=99% | vram=4.7GB | clock=2917MHz (100%) | ram=12.9/16.8GB (77%) | it/s=4.51
2026-04-19 08:10:45,437 | INFO | [Monitor step=118400] temp=61C | gpu=99% | vram=4.7GB | clock=2917MHz (100%) | ram=12.9/16.8GB (77%) | it/s=4.51
2026-04-19 08:11:07,736 | INFO | [Monitor step=118500] temp=62C | gpu=98% | vram=4.7GB | clock=2917MHz (100%) | ram=12.9/16.8GB (77%) | it/s=4.51
2026-04-19 08:11:30,034 | INFO | [Monitor step=118600] temp=61C | gpu=99% | vram=4.7GB | clock=2917MHz (100%) | ram=12.9/16.8GB (77%) | it/s=4.51
2026-04-19 08:11:52,334 | INFO | [Monitor step=118700] temp=62C | gpu=98% | vram=4.7GB | clock=2917MHz (100%) | ram=12.9/16.8GB (77%) | it/s=4.51
2026-04-19 08:12:14,619 | INFO | [Monitor step=118800] temp=62C | gpu=99% | vram=4.7GB | clock=2917MHz (100%) | ram=12.9/16.8GB (77%) | it/s=4.56
2026-04-19 08:12:36,919 | INFO | [Monitor step=118900] temp=61C | gpu=100% | vram=4.7GB | clock=2917MHz (100%) | ram=13.0/16.8GB (77%) | it/s=4.50
2026-04-19 08:12:59,221 | INFO | [Monitor step=119000] temp=62C | gpu=100% | vram=4.7GB | clock=2917MHz (100%) | ram=13.0/16.8GB (77%) | it/s=4.50
2026-04-19 08:13:21,523 | INFO | [Monitor step=119100] temp=61C | gpu=99% | vram=4.7GB | clock=2917MHz (100%) | ram=13.0/16.8GB (77%) | it/s=4.50
2026-04-19 08:13:43,825 | INFO | [Monitor step=119200] temp=62C | gpu=98% | vram=4.7GB | clock=2917MHz (100%) | ram=13.0/16.8GB (77%) | it/s=4.50
2026-04-19 08:14:06,123 | INFO | [Monitor step=119300] temp=62C | gpu=98% | vram=4.7GB | clock=2917MHz (100%) | ram=13.0/16.8GB (77%) | it/s=4.50
2026-04-19 08:14:28,423 | INFO | [Monitor step=119400] temp=62C | gpu=100% | vram=4.7GB | clock=2917MHz (100%) | ram=13.0/16.8GB (77%) | it/s=4.51
2026-04-19 08:14:50,720 | INFO | [Monitor step=119500] temp=62C | gpu=100% | vram=4.7GB | clock=2917MHz (100%) | ram=13.0/16.8GB (77%) | it/s=4.51
2026-04-19 08:15:13,016 | INFO | [Monitor step=119600] temp=61C | gpu=100% | vram=4.7GB | clock=2917MHz (100%) | ram=13.0/16.8GB (78%) | it/s=4.51
2026-04-19 08:15:35,315 | INFO | [Monitor step=119700] temp=61C | gpu=100% | vram=4.7GB | clock=2917MHz (100%) | ram=13.0/16.8GB (78%) | it/s=4.51
2026-04-19 08:15:57,615 | INFO | [Monitor step=119800] temp=61C | gpu=99% | vram=4.7GB | clock=2917MHz (100%) | ram=13.0/16.8GB (78%) | it/s=4.51
2026-04-19 08:16:19,916 | INFO | [Monitor step=119900] temp=62C | gpu=97% | vram=4.7GB | clock=2917MHz (100%) | ram=13.0/16.8GB (77%) | it/s=4.51
2026-04-19 08:16:42,220 | INFO | [Monitor step=120000] temp=62C | gpu=98% | vram=4.7GB | clock=2917MHz (100%) | ram=13.0/16.8GB (78%) | it/s=4.51
2026-04-19 08:17:04,519 | INFO | [Monitor step=120100] temp=62C | gpu=100% | vram=4.7GB | clock=2917MHz (100%) | ram=12.9/16.8GB (77%) | it/s=4.53
2026-04-19 08:17:26,816 | INFO | [Monitor step=120200] temp=62C | gpu=100% | vram=4.7GB | clock=2917MHz (100%) | ram=12.9/16.8GB (77%) | it/s=4.51
2026-04-19 08:17:49,116 | INFO | [Monitor step=120300] temp=63C | gpu=99% | vram=4.7GB | clock=2917MHz (100%) | ram=12.9/16.8GB (77%) | it/s=4.50
2026-04-19 08:18:11,420 | INFO | [Monitor step=120400] temp=62C | gpu=97% | vram=4.7GB | clock=2917MHz (100%) | ram=12.9/16.8GB (77%) | it/s=4.51
2026-04-19 08:18:33,722 | INFO | [Monitor step=120500] temp=62C | gpu=99% | vram=4.7GB | clock=2917MHz (100%) | ram=12.9/16.8GB (77%) | it/s=4.50
2026-04-19 08:18:56,024 | INFO | [Monitor step=120600] temp=61C | gpu=100% | vram=4.7GB | clock=2917MHz (100%) | ram=12.9/16.8GB (77%) | it/s=4.50
2026-04-19 08:19:18,324 | INFO | [Monitor step=120700] temp=62C | gpu=100% | vram=4.7GB | clock=2917MHz (100%) | ram=12.9/16.8GB (77%) | it/s=4.50
2026-04-19 08:19:40,621 | INFO | [Monitor step=120800] temp=62C | gpu=99% | vram=4.7GB | clock=2917MHz (100%) | ram=12.9/16.8GB (77%) | it/s=4.51
2026-04-19 08:20:02,921 | INFO | [Monitor step=120900] temp=62C | gpu=97% | vram=4.7GB | clock=2917MHz (100%) | ram=12.9/16.8GB (77%) | it/s=4.51
2026-04-19 08:20:25,224 | INFO | [Monitor step=121000] temp=62C | gpu=98% | vram=4.7GB | clock=2917MHz (100%) | ram=12.9/16.8GB (77%) | it/s=4.51
2026-04-19 08:20:47,523 | INFO | [Monitor step=121100] temp=62C | gpu=100% | vram=4.7GB | clock=2917MHz (100%) | ram=12.9/16.8GB (77%) | it/s=4.51
2026-04-19 08:21:09,828 | INFO | [Monitor step=121200] temp=62C | gpu=100% | vram=4.7GB | clock=2917MHz (100%) | ram=12.9/16.8GB (77%) | it/s=4.51
2026-04-19 08:21:32,127 | INFO | [Monitor step=121300] temp=62C | gpu=99% | vram=4.7GB | clock=2917MHz (100%) | ram=12.9/16.8GB (77%) | it/s=4.51
2026-04-19 08:21:54,426 | INFO | [Monitor step=121400] temp=62C | gpu=97% | vram=4.7GB | clock=2917MHz (100%) | ram=12.9/16.8GB (77%) | it/s=4.51
2026-04-19 08:22:16,708 | INFO | [Monitor step=121500] temp=62C | gpu=98% | vram=4.7GB | clock=2917MHz (100%) | ram=13.0/16.8GB (77%) | it/s=4.51
2026-04-19 08:22:39,004 | INFO | [Monitor step=121600] temp=60C | gpu=99% | vram=4.7GB | clock=2917MHz (100%) | ram=12.7/16.8GB (76%) | it/s=4.50
2026-04-19 08:23:01,304 | INFO | [Monitor step=121700] temp=62C | gpu=100% | vram=4.7GB | clock=2917MHz (100%) | ram=12.7/16.8GB (76%) | it/s=4.50
2026-04-19 08:23:23,602 | INFO | [Monitor step=121800] temp=62C | gpu=99% | vram=4.7GB | clock=2917MHz (100%) | ram=12.7/16.8GB (76%) | it/s=4.50
2026-04-19 08:23:45,904 | INFO | [Monitor step=121900] temp=62C | gpu=98% | vram=4.7GB | clock=2917MHz (100%) | ram=12.7/16.8GB (76%) | it/s=4.50
2026-04-19 08:24:08,204 | INFO | [Monitor step=122000] temp=61C | gpu=97% | vram=4.7GB | clock=2917MHz (100%) | ram=12.7/16.8GB (76%) | it/s=4.50
2026-04-19 08:24:30,505 | INFO | [Monitor step=122100] temp=59C | gpu=98% | vram=4.7GB | clock=2917MHz (100%) | ram=12.7/16.8GB (76%) | it/s=4.52
2026-04-19 08:24:52,803 | INFO | [Monitor step=122200] temp=62C | gpu=100% | vram=4.7GB | clock=2917MHz (100%) | ram=12.7/16.8GB (76%) | it/s=4.51
2026-04-19 08:25:15,103 | INFO | [Monitor step=122300] temp=59C | gpu=99% | vram=4.7GB | clock=2917MHz (100%) | ram=12.8/16.8GB (76%) | it/s=4.51
2026-04-19 08:25:37,404 | INFO | [Monitor step=122400] temp=62C | gpu=98% | vram=4.7GB | clock=2917MHz (100%) | ram=12.8/16.8GB (76%) | it/s=4.51
2026-04-19 08:25:59,705 | INFO | [Monitor step=122500] temp=63C | gpu=97% | vram=4.7GB | clock=2917MHz (100%) | ram=12.8/16.8GB (76%) | it/s=4.51
2026-04-19 08:26:22,005 | INFO | [Monitor step=122600] temp=62C | gpu=98% | vram=4.7GB | clock=2917MHz (100%) | ram=12.8/16.8GB (76%) | it/s=4.52
2026-04-19 08:26:44,309 | INFO | [Monitor step=122700] temp=61C | gpu=97% | vram=4.7GB | clock=2917MHz (100%) | ram=12.8/16.8GB (76%) | it/s=4.52
2026-04-19 08:27:06,613 | INFO | [Monitor step=122800] temp=59C | gpu=98% | vram=4.7GB | clock=2917MHz (100%) | ram=12.8/16.8GB (76%) | it/s=4.51
2026-04-19 08:27:28,919 | INFO | [Monitor step=122900] temp=62C | gpu=100% | vram=4.7GB | clock=2917MHz (100%) | ram=12.8/16.8GB (77%) | it/s=4.50
2026-04-19 08:27:51,219 | INFO | [Monitor step=123000] temp=61C | gpu=100% | vram=4.7GB | clock=2917MHz (100%) | ram=12.8/16.8GB (77%) | it/s=4.51
2026-04-19 08:28:13,522 | INFO | [Monitor step=123100] temp=62C | gpu=99% | vram=4.7GB | clock=2917MHz (100%) | ram=12.9/16.8GB (77%) | it/s=4.51
2026-04-19 08:28:35,823 | INFO | [Monitor step=123200] temp=62C | gpu=97% | vram=4.7GB | clock=2917MHz (100%) | ram=12.9/16.8GB (77%) | it/s=4.50
2026-04-19 08:28:58,126 | INFO | [Monitor step=123300] temp=60C | gpu=99% | vram=4.7GB | clock=2917MHz (100%) | ram=12.9/16.8GB (77%) | it/s=4.51
2026-04-19 08:29:20,427 | INFO | [Monitor step=123400] temp=62C | gpu=100% | vram=4.7GB | clock=2917MHz (100%) | ram=12.9/16.8GB (77%) | it/s=4.51
2026-04-19 08:29:42,725 | INFO | [Monitor step=123500] temp=62C | gpu=100% | vram=4.7GB | clock=2917MHz (100%) | ram=12.9/16.8GB (77%) | it/s=4.51
2026-04-19 08:30:05,024 | INFO | [Monitor step=123600] temp=62C | gpu=98% | vram=4.7GB | clock=2917MHz (100%) | ram=12.9/16.8GB (77%) | it/s=4.51
2026-04-19 08:30:27,324 | INFO | [Monitor step=123700] temp=61C | gpu=97% | vram=4.7GB | clock=2917MHz (100%) | ram=12.9/16.8GB (77%) | it/s=4.51
2026-04-19 08:30:49,619 | INFO | [Monitor step=123800] temp=59C | gpu=98% | vram=4.7GB | clock=2917MHz (100%) | ram=13.0/16.8GB (77%) | it/s=4.51
2026-04-19 08:31:11,919 | INFO | [Monitor step=123900] temp=61C | gpu=100% | vram=4.7GB | clock=2917MHz (100%) | ram=13.0/16.8GB (77%) | it/s=4.52
2026-04-19 08:31:34,217 | INFO | [Monitor step=124000] temp=62C | gpu=99% | vram=4.7GB | clock=2917MHz (100%) | ram=12.8/16.8GB (76%) | it/s=4.52
2026-04-19 08:31:56,493 | INFO | [Monitor step=124100] temp=62C | gpu=99% | vram=4.7GB | clock=2917MHz (100%) | ram=12.8/16.8GB (76%) | it/s=4.51
2026-04-19 08:32:07,635 | INFO | Epoch 13 complete: train_loss=0.3256 | train_acc=99.96% | avg=4.51 it/s | time=35.5min
2026-04-19 08:32:07,797 | INFO |   Running validation...
2026-04-19 08:32:45,183 | INFO |   Val Accuracy:  99.13%
2026-04-19 08:32:45,183 | INFO |   Val F1:        99.13%
2026-04-19 08:32:45,184 | INFO |   Val Precision: 99.13%
2026-04-19 08:32:45,184 | INFO |   Val Recall:    99.13%
2026-04-19 08:32:45,185 | INFO |   Val Loss:      0.3392
2026-04-19 08:32:45,185 | INFO |   Train-Val Gap: 0.83%
2026-04-19 08:32:45,185 | INFO |   No improvement. Patience: 1/15
2026-04-19 08:32:45,185 | INFO | 
============================================================
EPOCH 14/15
============================================================
2026-04-19 08:32:56,426 | INFO | [Monitor step=124200] temp=62C | gpu=100% | vram=4.7GB | clock=2917MHz (100%) | ram=12.9/16.8GB (77%) | it/s=4.51
2026-04-19 08:33:18,738 | INFO | [Monitor step=124300] temp=62C | gpu=100% | vram=4.7GB | clock=2917MHz (100%) | ram=13.0/16.8GB (77%) | it/s=4.51
2026-04-19 08:33:41,038 | INFO | [Monitor step=124400] temp=61C | gpu=97% | vram=4.7GB | clock=2917MHz (100%) | ram=13.0/16.8GB (78%) | it/s=4.50
2026-04-19 08:34:03,337 | INFO | [Monitor step=124500] temp=62C | gpu=97% | vram=4.7GB | clock=2917MHz (100%) | ram=13.0/16.8GB (78%) | it/s=4.51
2026-04-19 08:34:25,724 | INFO | [Monitor step=124600] temp=62C | gpu=99% | vram=4.7GB | clock=2917MHz (100%) | ram=13.1/16.8GB (78%) | it/s=4.52
2026-04-19 08:34:48,027 | INFO | [Monitor step=124700] temp=62C | gpu=99% | vram=4.7GB | clock=2917MHz (100%) | ram=13.1/16.8GB (78%) | it/s=4.51
2026-04-19 08:35:10,325 | INFO | [Monitor step=124800] temp=61C | gpu=97% | vram=4.7GB | clock=2917MHz (100%) | ram=13.1/16.8GB (78%) | it/s=4.51
2026-04-19 08:35:32,626 | INFO | [Monitor step=124900] temp=61C | gpu=99% | vram=4.7GB | clock=2917MHz (100%) | ram=13.1/16.8GB (78%) | it/s=4.51
2026-04-19 08:35:54,930 | INFO | [Monitor step=125000] temp=61C | gpu=100% | vram=4.7GB | clock=2917MHz (100%) | ram=13.1/16.8GB (78%) | it/s=4.51
2026-04-19 08:36:17,228 | INFO | [Monitor step=125100] temp=62C | gpu=99% | vram=4.7GB | clock=2917MHz (100%) | ram=13.1/16.8GB (78%) | it/s=4.51
2026-04-19 08:36:39,528 | INFO | [Monitor step=125200] temp=62C | gpu=100% | vram=4.7GB | clock=2917MHz (100%) | ram=13.1/16.8GB (78%) | it/s=4.51
2026-04-19 08:37:01,834 | INFO | [Monitor step=125300] temp=62C | gpu=100% | vram=4.7GB | clock=2917MHz (100%) | ram=13.1/16.8GB (78%) | it/s=4.50
2026-04-19 08:37:24,133 | INFO | [Monitor step=125400] temp=61C | gpu=99% | vram=4.7GB | clock=2917MHz (100%) | ram=13.1/16.8GB (78%) | it/s=4.50
2026-04-19 08:37:46,437 | INFO | [Monitor step=125500] temp=61C | gpu=97% | vram=4.7GB | clock=2917MHz (100%) | ram=13.1/16.8GB (78%) | it/s=4.50
2026-04-19 08:38:08,741 | INFO | [Monitor step=125600] temp=59C | gpu=99% | vram=4.7GB | clock=2917MHz (100%) | ram=13.1/16.8GB (78%) | it/s=4.50
2026-04-19 08:38:31,045 | INFO | [Monitor step=125700] temp=61C | gpu=100% | vram=4.7GB | clock=2917MHz (100%) | ram=13.1/16.8GB (78%) | it/s=4.50
2026-04-19 08:38:53,351 | INFO | [Monitor step=125800] temp=62C | gpu=100% | vram=4.7GB | clock=2917MHz (100%) | ram=13.1/16.8GB (78%) | it/s=4.51
2026-04-19 08:39:15,654 | INFO | [Monitor step=125900] temp=62C | gpu=97% | vram=4.7GB | clock=2917MHz (100%) | ram=13.1/16.8GB (78%) | it/s=4.51
2026-04-19 08:39:37,960 | INFO | [Monitor step=126000] temp=62C | gpu=98% | vram=4.7GB | clock=2917MHz (100%) | ram=13.0/16.8GB (78%) | it/s=4.51
2026-04-19 08:40:00,266 | INFO | [Monitor step=126100] temp=62C | gpu=100% | vram=4.7GB | clock=2917MHz (100%) | ram=13.0/16.8GB (78%) | it/s=4.50
2026-04-19 08:40:22,567 | INFO | [Monitor step=126200] temp=62C | gpu=100% | vram=4.7GB | clock=2917MHz (100%) | ram=13.0/16.8GB (78%) | it/s=4.52
2026-04-19 08:40:44,869 | INFO | [Monitor step=126300] temp=62C | gpu=99% | vram=4.7GB | clock=2917MHz (100%) | ram=13.0/16.8GB (78%) | it/s=4.52
2026-04-19 08:41:07,169 | INFO | [Monitor step=126400] temp=62C | gpu=97% | vram=4.7GB | clock=2917MHz (100%) | ram=13.0/16.8GB (78%) | it/s=4.51
2026-04-19 08:41:29,470 | INFO | [Monitor step=126500] temp=62C | gpu=99% | vram=4.7GB | clock=2917MHz (100%) | ram=13.0/16.8GB (78%) | it/s=4.50
2026-04-19 08:41:51,770 | INFO | [Monitor step=126600] temp=61C | gpu=100% | vram=4.7GB | clock=2917MHz (100%) | ram=13.0/16.8GB (78%) | it/s=4.50
2026-04-19 08:42:14,065 | INFO | [Monitor step=126700] temp=61C | gpu=100% | vram=4.7GB | clock=2917MHz (100%) | ram=13.0/16.8GB (78%) | it/s=4.55
2026-04-19 08:42:36,356 | INFO | [Monitor step=126800] temp=62C | gpu=100% | vram=4.7GB | clock=2917MHz (100%) | ram=13.0/16.8GB (78%) | it/s=4.50
2026-04-19 08:42:58,657 | INFO | [Monitor step=126900] temp=61C | gpu=98% | vram=4.7GB | clock=2917MHz (100%) | ram=13.0/16.8GB (78%) | it/s=4.50
2026-04-19 08:43:20,960 | INFO | [Monitor step=127000] temp=62C | gpu=97% | vram=4.7GB | clock=2917MHz (100%) | ram=13.0/16.8GB (78%) | it/s=4.50
2026-04-19 08:43:43,260 | INFO | [Monitor step=127100] temp=62C | gpu=99% | vram=4.7GB | clock=2917MHz (100%) | ram=13.0/16.8GB (78%) | it/s=4.52
2026-04-19 08:44:05,563 | INFO | [Monitor step=127200] temp=61C | gpu=100% | vram=4.7GB | clock=2917MHz (100%) | ram=13.0/16.8GB (78%) | it/s=4.50
2026-04-19 08:44:27,862 | INFO | [Monitor step=127300] temp=62C | gpu=100% | vram=4.7GB | clock=2917MHz (100%) | ram=13.0/16.8GB (78%) | it/s=4.52
2026-04-19 08:44:50,161 | INFO | [Monitor step=127400] temp=61C | gpu=98% | vram=4.7GB | clock=2917MHz (100%) | ram=13.0/16.8GB (78%) | it/s=4.51
2026-04-19 08:45:12,462 | INFO | [Monitor step=127500] temp=62C | gpu=98% | vram=4.7GB | clock=2917MHz (100%) | ram=12.8/16.8GB (76%) | it/s=4.51
2026-04-19 08:45:34,758 | INFO | [Monitor step=127600] temp=61C | gpu=99% | vram=4.7GB | clock=2917MHz (100%) | ram=12.8/16.8GB (76%) | it/s=4.51
2026-04-19 08:45:57,054 | INFO | [Monitor step=127700] temp=62C | gpu=100% | vram=4.7GB | clock=2917MHz (100%) | ram=12.8/16.8GB (76%) | it/s=4.51
2026-04-19 08:46:19,357 | INFO | [Monitor step=127800] temp=62C | gpu=100% | vram=4.7GB | clock=2917MHz (100%) | ram=12.8/16.8GB (76%) | it/s=4.51
2026-04-19 08:46:41,657 | INFO | [Monitor step=127900] temp=62C | gpu=99% | vram=4.7GB | clock=2917MHz (100%) | ram=12.8/16.8GB (76%) | it/s=4.50
2026-04-19 08:47:03,957 | INFO | [Monitor step=128000] temp=62C | gpu=97% | vram=4.7GB | clock=2917MHz (100%) | ram=12.8/16.8GB (76%) | it/s=4.50
2026-04-19 08:47:26,256 | INFO | [Monitor step=128100] temp=60C | gpu=99% | vram=4.7GB | clock=2917MHz (100%) | ram=12.8/16.8GB (76%) | it/s=4.50
2026-04-19 08:47:48,534 | INFO | [Monitor step=128200] temp=60C | gpu=99% | vram=4.7GB | clock=2917MHz (100%) | ram=12.8/16.8GB (76%) | it/s=4.50
2026-04-19 08:48:10,838 | INFO | [Monitor step=128300] temp=62C | gpu=99% | vram=4.7GB | clock=2917MHz (100%) | ram=12.8/16.8GB (77%) | it/s=4.51
2026-04-19 08:48:33,138 | INFO | [Monitor step=128400] temp=61C | gpu=99% | vram=4.7GB | clock=2917MHz (100%) | ram=12.9/16.8GB (77%) | it/s=4.50
2026-04-19 08:48:55,436 | INFO | [Monitor step=128500] temp=61C | gpu=99% | vram=4.7GB | clock=2917MHz (100%) | ram=12.8/16.8GB (77%) | it/s=4.51
2026-04-19 08:49:17,739 | INFO | [Monitor step=128600] temp=61C | gpu=98% | vram=4.7GB | clock=2917MHz (100%) | ram=12.9/16.8GB (77%) | it/s=4.51
2026-04-19 08:49:40,040 | INFO | [Monitor step=128700] temp=60C | gpu=99% | vram=4.7GB | clock=2917MHz (100%) | ram=12.9/16.8GB (77%) | it/s=4.52
2026-04-19 08:50:02,344 | INFO | [Monitor step=128800] temp=61C | gpu=99% | vram=4.7GB | clock=2917MHz (100%) | ram=12.9/16.8GB (77%) | it/s=4.52
2026-04-19 08:50:24,648 | INFO | [Monitor step=128900] temp=62C | gpu=99% | vram=4.7GB | clock=2917MHz (100%) | ram=12.9/16.8GB (77%) | it/s=4.51
2026-04-19 08:50:46,951 | INFO | [Monitor step=129000] temp=61C | gpu=99% | vram=4.7GB | clock=2917MHz (100%) | ram=12.9/16.8GB (77%) | it/s=4.51
2026-04-19 08:51:09,253 | INFO | [Monitor step=129100] temp=61C | gpu=98% | vram=4.7GB | clock=2917MHz (100%) | ram=12.9/16.8GB (77%) | it/s=4.51
2026-04-19 08:51:31,555 | INFO | [Monitor step=129200] temp=62C | gpu=99% | vram=4.7GB | clock=2917MHz (100%) | ram=12.9/16.8GB (77%) | it/s=4.51
2026-04-19 08:51:53,855 | INFO | [Monitor step=129300] temp=61C | gpu=99% | vram=4.7GB | clock=2917MHz (100%) | ram=12.9/16.8GB (77%) | it/s=4.51
2026-04-19 08:52:16,133 | INFO | [Monitor step=129400] temp=62C | gpu=99% | vram=4.7GB | clock=2917MHz (100%) | ram=12.9/16.8GB (77%) | it/s=4.50
2026-04-19 08:52:38,433 | INFO | [Monitor step=129500] temp=62C | gpu=98% | vram=4.7GB | clock=2917MHz (100%) | ram=13.0/16.8GB (77%) | it/s=4.51
2026-04-19 08:53:00,735 | INFO | [Monitor step=129600] temp=62C | gpu=98% | vram=4.7GB | clock=2917MHz (100%) | ram=13.0/16.8GB (78%) | it/s=4.50
2026-04-19 08:53:23,026 | INFO | [Monitor step=129700] temp=62C | gpu=99% | vram=4.7GB | clock=2917MHz (100%) | ram=12.9/16.8GB (77%) | it/s=4.51
2026-04-19 08:53:45,326 | INFO | [Monitor step=129800] temp=62C | gpu=100% | vram=4.7GB | clock=2917MHz (100%) | ram=12.8/16.8GB (77%) | it/s=4.51
2026-04-19 08:54:07,628 | INFO | [Monitor step=129900] temp=62C | gpu=99% | vram=4.7GB | clock=2917MHz (100%) | ram=12.8/16.8GB (77%) | it/s=4.51
2026-04-19 08:54:29,923 | INFO | [Monitor step=130000] temp=59C | gpu=82% | vram=4.7GB | clock=2917MHz (100%) | ram=12.8/16.8GB (77%) | it/s=4.51
2026-04-19 08:54:52,226 | INFO | [Monitor step=130100] temp=62C | gpu=99% | vram=4.7GB | clock=2917MHz (100%) | ram=12.9/16.8GB (77%) | it/s=4.51
2026-04-19 08:55:14,524 | INFO | [Monitor step=130200] temp=61C | gpu=99% | vram=4.7GB | clock=2917MHz (100%) | ram=12.8/16.8GB (76%) | it/s=4.51
2026-04-19 08:55:36,823 | INFO | [Monitor step=130300] temp=62C | gpu=98% | vram=4.7GB | clock=2917MHz (100%) | ram=12.8/16.8GB (76%) | it/s=4.51
2026-04-19 08:55:59,120 | INFO | [Monitor step=130400] temp=62C | gpu=98% | vram=4.7GB | clock=2917MHz (100%) | ram=12.8/16.8GB (77%) | it/s=4.51
2026-04-19 08:56:21,424 | INFO | [Monitor step=130500] temp=62C | gpu=100% | vram=4.7GB | clock=2917MHz (100%) | ram=12.8/16.8GB (77%) | it/s=4.52
2026-04-19 08:56:43,725 | INFO | [Monitor step=130600] temp=62C | gpu=99% | vram=4.7GB | clock=2917MHz (100%) | ram=12.8/16.8GB (77%) | it/s=4.50
2026-04-19 08:57:06,025 | INFO | [Monitor step=130700] temp=62C | gpu=99% | vram=4.7GB | clock=2917MHz (100%) | ram=12.9/16.8GB (77%) | it/s=4.50
2026-04-19 08:57:28,326 | INFO | [Monitor step=130800] temp=62C | gpu=98% | vram=4.7GB | clock=2917MHz (100%) | ram=12.9/16.8GB (77%) | it/s=4.51
2026-04-19 08:57:50,626 | INFO | [Monitor step=130900] temp=62C | gpu=99% | vram=4.7GB | clock=2917MHz (100%) | ram=12.9/16.8GB (77%) | it/s=4.51
2026-04-19 08:58:12,931 | INFO | [Monitor step=131000] temp=62C | gpu=100% | vram=4.7GB | clock=2917MHz (100%) | ram=12.9/16.8GB (77%) | it/s=4.50
2026-04-19 08:58:35,231 | INFO | [Monitor step=131100] temp=62C | gpu=99% | vram=4.7GB | clock=2917MHz (100%) | ram=12.9/16.8GB (77%) | it/s=4.51
2026-04-19 08:58:57,531 | INFO | [Monitor step=131200] temp=62C | gpu=99% | vram=4.7GB | clock=2917MHz (100%) | ram=12.9/16.8GB (77%) | it/s=4.51
2026-04-19 08:59:19,831 | INFO | [Monitor step=131300] temp=62C | gpu=98% | vram=4.7GB | clock=2917MHz (100%) | ram=12.9/16.8GB (77%) | it/s=4.51
2026-04-19 08:59:42,134 | INFO | [Monitor step=131400] temp=62C | gpu=98% | vram=4.7GB | clock=2917MHz (100%) | ram=13.0/16.8GB (77%) | it/s=4.51
2026-04-19 09:00:04,433 | INFO | [Monitor step=131500] temp=62C | gpu=100% | vram=4.7GB | clock=2917MHz (100%) | ram=13.0/16.8GB (78%) | it/s=4.51
2026-04-19 09:00:26,733 | INFO | [Monitor step=131600] temp=62C | gpu=99% | vram=4.7GB | clock=2917MHz (100%) | ram=13.0/16.8GB (78%) | it/s=4.52
2026-04-19 09:00:49,029 | INFO | [Monitor step=131700] temp=62C | gpu=99% | vram=4.7GB | clock=2917MHz (100%) | ram=12.9/16.8GB (77%) | it/s=4.51
2026-04-19 09:01:11,332 | INFO | [Monitor step=131800] temp=62C | gpu=98% | vram=4.7GB | clock=2917MHz (100%) | ram=13.0/16.8GB (77%) | it/s=4.51
2026-04-19 09:01:33,631 | INFO | [Monitor step=131900] temp=62C | gpu=98% | vram=4.7GB | clock=2917MHz (100%) | ram=13.0/16.8GB (77%) | it/s=4.51
2026-04-19 09:01:55,909 | INFO | [Monitor step=132000] temp=61C | gpu=100% | vram=4.7GB | clock=2917MHz (100%) | ram=13.0/16.8GB (78%) | it/s=4.50
2026-04-19 09:02:18,188 | INFO | [Monitor step=132100] temp=61C | gpu=100% | vram=4.7GB | clock=2917MHz (100%) | ram=13.0/16.8GB (78%) | it/s=4.50
2026-04-19 09:02:40,489 | INFO | [Monitor step=132200] temp=62C | gpu=99% | vram=4.7GB | clock=2917MHz (100%) | ram=13.0/16.8GB (78%) | it/s=4.51
2026-04-19 09:03:02,793 | INFO | [Monitor step=132300] temp=61C | gpu=99% | vram=4.7GB | clock=2917MHz (100%) | ram=13.3/16.8GB (79%) | it/s=4.52
2026-04-19 09:03:25,094 | INFO | [Monitor step=132400] temp=61C | gpu=97% | vram=4.7GB | clock=2917MHz (100%) | ram=13.1/16.8GB (78%) | it/s=4.50
2026-04-19 09:03:47,388 | INFO | [Monitor step=132500] temp=60C | gpu=98% | vram=4.7GB | clock=2917MHz (100%) | ram=13.1/16.8GB (78%) | it/s=4.50
2026-04-19 09:04:09,686 | INFO | [Monitor step=132600] temp=61C | gpu=100% | vram=4.7GB | clock=2917MHz (100%) | ram=13.1/16.8GB (78%) | it/s=4.51
2026-04-19 09:04:31,981 | INFO | [Monitor step=132700] temp=61C | gpu=99% | vram=4.7GB | clock=2917MHz (100%) | ram=13.1/16.8GB (78%) | it/s=4.51
2026-04-19 09:04:54,264 | INFO | [Monitor step=132800] temp=61C | gpu=99% | vram=4.7GB | clock=2917MHz (100%) | ram=13.1/16.8GB (78%) | it/s=4.51
2026-04-19 09:05:16,564 | INFO | [Monitor step=132900] temp=62C | gpu=99% | vram=4.7GB | clock=2917MHz (100%) | ram=12.9/16.8GB (77%) | it/s=4.51
2026-04-19 09:05:38,863 | INFO | [Monitor step=133000] temp=62C | gpu=98% | vram=4.7GB | clock=2917MHz (100%) | ram=12.9/16.8GB (77%) | it/s=4.51
2026-04-19 09:06:01,163 | INFO | [Monitor step=133100] temp=61C | gpu=98% | vram=4.7GB | clock=2917MHz (100%) | ram=12.9/16.8GB (77%) | it/s=4.51
2026-04-19 09:06:23,457 | INFO | [Monitor step=133200] temp=62C | gpu=100% | vram=4.7GB | clock=2917MHz (100%) | ram=12.9/16.8GB (77%) | it/s=4.51
2026-04-19 09:06:45,753 | INFO | [Monitor step=133300] temp=62C | gpu=99% | vram=4.7GB | clock=2917MHz (100%) | ram=12.9/16.8GB (77%) | it/s=4.51
2026-04-19 09:07:08,050 | INFO | [Monitor step=133400] temp=58C | gpu=82% | vram=4.7GB | clock=2917MHz (100%) | ram=12.9/16.8GB (77%) | it/s=4.51
2026-04-19 09:07:30,348 | INFO | [Monitor step=133500] temp=61C | gpu=99% | vram=4.7GB | clock=2917MHz (100%) | ram=12.9/16.8GB (77%) | it/s=4.51
2026-04-19 09:07:52,647 | INFO | [Monitor step=133600] temp=61C | gpu=98% | vram=4.7GB | clock=2917MHz (100%) | ram=12.9/16.8GB (77%) | it/s=4.51
2026-04-19 09:08:14,956 | INFO | [Monitor step=133700] temp=62C | gpu=98% | vram=4.7GB | clock=2917MHz (100%) | ram=13.0/16.8GB (77%) | it/s=4.50
2026-04-19 09:08:14,958 | INFO | Epoch 14 complete: train_loss=0.3255 | train_acc=99.97% | avg=4.51 it/s | time=35.5min
2026-04-19 09:08:15,130 | INFO |   Running validation...
2026-04-19 09:08:52,484 | INFO |   Val Accuracy:  99.13%
2026-04-19 09:08:52,484 | INFO |   Val F1:        99.13%
2026-04-19 09:08:52,485 | INFO |   Val Precision: 99.13%
2026-04-19 09:08:52,485 | INFO |   Val Recall:    99.13%
2026-04-19 09:08:52,485 | INFO |   Val Loss:      0.3393
2026-04-19 09:08:52,485 | INFO |   Train-Val Gap: 0.83%
2026-04-19 09:08:52,485 | INFO |   No improvement. Patience: 2/15
2026-04-19 09:08:52,486 | INFO | 
============================================================
EPOCH 15/15
============================================================
2026-04-19 09:09:14,853 | INFO | [Monitor step=133800] temp=62C | gpu=99% | vram=4.7GB | clock=2917MHz (100%) | ram=13.0/16.8GB (78%) | it/s=4.50
2026-04-19 09:09:37,152 | INFO | [Monitor step=133900] temp=62C | gpu=99% | vram=4.7GB | clock=2917MHz (100%) | ram=13.1/16.8GB (78%) | it/s=4.51
2026-04-19 09:09:59,450 | INFO | [Monitor step=134000] temp=62C | gpu=98% | vram=4.7GB | clock=2917MHz (100%) | ram=13.1/16.8GB (78%) | it/s=4.50
2026-04-19 09:10:21,746 | INFO | [Monitor step=134100] temp=62C | gpu=98% | vram=4.7GB | clock=2917MHz (100%) | ram=13.1/16.8GB (78%) | it/s=4.51
2026-04-19 09:10:44,036 | INFO | [Monitor step=134200] temp=62C | gpu=100% | vram=4.7GB | clock=2917MHz (100%) | ram=13.1/16.8GB (78%) | it/s=4.51
2026-04-19 09:11:06,334 | INFO | [Monitor step=134300] temp=61C | gpu=100% | vram=4.7GB | clock=2917MHz (100%) | ram=13.1/16.8GB (78%) | it/s=4.51
2026-04-19 09:11:28,631 | INFO | [Monitor step=134400] temp=62C | gpu=99% | vram=4.7GB | clock=2917MHz (100%) | ram=13.1/16.8GB (78%) | it/s=4.51
2026-04-19 09:11:50,927 | INFO | [Monitor step=134500] temp=62C | gpu=97% | vram=4.7GB | clock=2917MHz (100%) | ram=13.1/16.8GB (78%) | it/s=4.51
2026-04-19 09:12:13,219 | INFO | [Monitor step=134600] temp=62C | gpu=98% | vram=4.7GB | clock=2917MHz (100%) | ram=13.1/16.8GB (78%) | it/s=4.56
2026-04-19 09:12:35,498 | INFO | [Monitor step=134700] temp=59C | gpu=98% | vram=4.7GB | clock=2917MHz (100%) | ram=13.1/16.8GB (78%) | it/s=4.51
2026-04-19 09:12:57,795 | INFO | [Monitor step=134800] temp=62C | gpu=99% | vram=4.7GB | clock=2917MHz (100%) | ram=13.1/16.8GB (78%) | it/s=4.51
2026-04-19 09:13:20,090 | INFO | [Monitor step=134900] temp=61C | gpu=99% | vram=4.7GB | clock=2917MHz (100%) | ram=13.1/16.8GB (78%) | it/s=4.51
2026-04-19 09:13:42,387 | INFO | [Monitor step=135000] temp=61C | gpu=98% | vram=4.7GB | clock=2917MHz (100%) | ram=13.1/16.8GB (78%) | it/s=4.50
2026-04-19 09:14:04,688 | INFO | [Monitor step=135100] temp=61C | gpu=99% | vram=4.7GB | clock=2917MHz (100%) | ram=13.1/16.8GB (78%) | it/s=4.50
2026-04-19 09:14:26,987 | INFO | [Monitor step=135200] temp=61C | gpu=99% | vram=4.7GB | clock=2917MHz (100%) | ram=13.1/16.8GB (78%) | it/s=4.50
2026-04-19 09:14:49,289 | INFO | [Monitor step=135300] temp=59C | gpu=99% | vram=4.7GB | clock=2917MHz (100%) | ram=13.1/16.8GB (78%) | it/s=4.50
2026-04-19 09:15:11,591 | INFO | [Monitor step=135400] temp=61C | gpu=99% | vram=4.7GB | clock=2917MHz (100%) | ram=13.2/16.8GB (79%) | it/s=4.50
2026-04-19 09:15:33,895 | INFO | [Monitor step=135500] temp=59C | gpu=99% | vram=4.7GB | clock=2917MHz (100%) | ram=13.2/16.8GB (79%) | it/s=4.50
2026-04-19 09:15:56,199 | INFO | [Monitor step=135600] temp=62C | gpu=99% | vram=4.7GB | clock=2917MHz (100%) | ram=13.2/16.8GB (79%) | it/s=4.51
2026-04-19 09:16:18,506 | INFO | [Monitor step=135700] temp=62C | gpu=99% | vram=4.7GB | clock=2917MHz (100%) | ram=13.2/16.8GB (78%) | it/s=4.51
2026-04-19 09:16:40,808 | INFO | [Monitor step=135800] temp=61C | gpu=98% | vram=4.7GB | clock=2917MHz (100%) | ram=13.2/16.8GB (79%) | it/s=4.51
2026-04-19 09:17:03,110 | INFO | [Monitor step=135900] temp=59C | gpu=98% | vram=4.7GB | clock=2917MHz (100%) | ram=13.2/16.8GB (79%) | it/s=4.51
2026-04-19 09:17:25,412 | INFO | [Monitor step=136000] temp=62C | gpu=99% | vram=4.7GB | clock=2917MHz (100%) | ram=13.2/16.8GB (79%) | it/s=4.51
2026-04-19 09:17:47,718 | INFO | [Monitor step=136100] temp=62C | gpu=100% | vram=4.7GB | clock=2917MHz (100%) | ram=13.2/16.8GB (79%) | it/s=4.51
2026-04-19 09:18:10,023 | INFO | [Monitor step=136200] temp=61C | gpu=99% | vram=4.7GB | clock=2917MHz (100%) | ram=13.2/16.8GB (79%) | it/s=4.51
2026-04-19 09:18:32,327 | INFO | [Monitor step=136300] temp=62C | gpu=97% | vram=4.7GB | clock=2917MHz (100%) | ram=13.2/16.8GB (79%) | it/s=4.50
2026-04-19 09:18:54,631 | INFO | [Monitor step=136400] temp=60C | gpu=98% | vram=4.7GB | clock=2917MHz (100%) | ram=13.2/16.8GB (79%) | it/s=4.50
2026-04-19 09:19:16,934 | INFO | [Monitor step=136500] temp=62C | gpu=100% | vram=4.7GB | clock=2917MHz (100%) | ram=13.2/16.8GB (79%) | it/s=4.50
2026-04-19 09:19:39,234 | INFO | [Monitor step=136600] temp=62C | gpu=100% | vram=4.7GB | clock=2917MHz (100%) | ram=13.2/16.8GB (79%) | it/s=4.50
2026-04-19 09:20:01,536 | INFO | [Monitor step=136700] temp=61C | gpu=98% | vram=4.7GB | clock=2917MHz (100%) | ram=13.2/16.8GB (79%) | it/s=4.50
2026-04-19 09:20:23,834 | INFO | [Monitor step=136800] temp=62C | gpu=97% | vram=4.7GB | clock=2917MHz (100%) | ram=13.2/16.8GB (79%) | it/s=4.51
2026-04-19 09:20:46,132 | INFO | [Monitor step=136900] temp=59C | gpu=98% | vram=4.7GB | clock=2917MHz (100%) | ram=13.2/16.8GB (79%) | it/s=4.51
2026-04-19 09:21:08,430 | INFO | [Monitor step=137000] temp=61C | gpu=100% | vram=4.7GB | clock=2917MHz (100%) | ram=13.2/16.8GB (79%) | it/s=4.51
2026-04-19 09:21:30,731 | INFO | [Monitor step=137100] temp=62C | gpu=98% | vram=4.7GB | clock=2917MHz (100%) | ram=13.2/16.8GB (79%) | it/s=4.52
2026-04-19 09:21:53,030 | INFO | [Monitor step=137200] temp=62C | gpu=99% | vram=4.7GB | clock=2917MHz (100%) | ram=13.2/16.8GB (79%) | it/s=4.51
2026-04-19 09:22:15,308 | INFO | [Monitor step=137300] temp=62C | gpu=99% | vram=4.7GB | clock=2917MHz (100%) | ram=13.2/16.8GB (79%) | it/s=4.51
2026-04-19 09:22:37,609 | INFO | [Monitor step=137400] temp=61C | gpu=98% | vram=4.7GB | clock=2917MHz (100%) | ram=13.2/16.8GB (79%) | it/s=4.51
2026-04-19 09:22:59,911 | INFO | [Monitor step=137500] temp=59C | gpu=99% | vram=4.7GB | clock=2917MHz (100%) | ram=13.2/16.8GB (79%) | it/s=4.51
2026-04-19 09:23:22,212 | INFO | [Monitor step=137600] temp=62C | gpu=99% | vram=4.7GB | clock=2917MHz (100%) | ram=13.2/16.8GB (79%) | it/s=4.51
2026-04-19 09:23:44,509 | INFO | [Monitor step=137700] temp=61C | gpu=99% | vram=4.7GB | clock=2917MHz (100%) | ram=13.2/16.8GB (78%) | it/s=4.50
2026-04-19 09:24:06,804 | INFO | [Monitor step=137800] temp=61C | gpu=99% | vram=4.7GB | clock=2917MHz (100%) | ram=13.2/16.8GB (78%) | it/s=4.50
2026-04-19 09:24:29,098 | INFO | [Monitor step=137900] temp=62C | gpu=98% | vram=4.7GB | clock=2917MHz (100%) | ram=13.2/16.8GB (78%) | it/s=4.50
2026-04-19 09:24:51,392 | INFO | [Monitor step=138000] temp=62C | gpu=99% | vram=4.7GB | clock=2917MHz (100%) | ram=13.2/16.8GB (79%) | it/s=4.50
2026-04-19 09:25:13,690 | INFO | [Monitor step=138100] temp=61C | gpu=100% | vram=4.7GB | clock=2917MHz (100%) | ram=13.2/16.8GB (79%) | it/s=4.50
2026-04-19 09:25:35,989 | INFO | [Monitor step=138200] temp=62C | gpu=99% | vram=4.7GB | clock=2917MHz (100%) | ram=13.2/16.8GB (79%) | it/s=4.52
2026-04-19 09:25:58,285 | INFO | [Monitor step=138300] temp=57C | gpu=99% | vram=4.7GB | clock=2917MHz (100%) | ram=13.2/16.8GB (79%) | it/s=4.51
2026-04-19 09:26:20,583 | INFO | [Monitor step=138400] temp=61C | gpu=97% | vram=4.7GB | clock=2917MHz (100%) | ram=13.2/16.8GB (79%) | it/s=4.51
2026-04-19 09:26:42,878 | INFO | [Monitor step=138500] temp=62C | gpu=99% | vram=4.7GB | clock=2917MHz (100%) | ram=13.2/16.8GB (79%) | it/s=4.51
2026-04-19 09:27:05,177 | INFO | [Monitor step=138600] temp=62C | gpu=100% | vram=4.7GB | clock=2917MHz (100%) | ram=13.2/16.8GB (79%) | it/s=4.51
2026-04-19 09:27:27,476 | INFO | [Monitor step=138700] temp=62C | gpu=98% | vram=4.7GB | clock=2917MHz (100%) | ram=13.2/16.8GB (79%) | it/s=4.51
2026-04-19 09:27:49,772 | INFO | [Monitor step=138800] temp=61C | gpu=100% | vram=4.7GB | clock=2917MHz (100%) | ram=13.2/16.8GB (79%) | it/s=4.51
2026-04-19 09:28:12,073 | INFO | [Monitor step=138900] temp=61C | gpu=100% | vram=4.7GB | clock=2917MHz (100%) | ram=13.2/16.8GB (79%) | it/s=4.51
2026-04-19 09:28:34,371 | INFO | [Monitor step=139000] temp=62C | gpu=99% | vram=4.7GB | clock=2917MHz (100%) | ram=13.2/16.8GB (79%) | it/s=4.51
2026-04-19 09:28:56,672 | INFO | [Monitor step=139100] temp=61C | gpu=98% | vram=4.7GB | clock=2917MHz (100%) | ram=13.2/16.8GB (79%) | it/s=4.50
2026-04-19 09:29:18,972 | INFO | [Monitor step=139200] temp=62C | gpu=98% | vram=4.7GB | clock=2917MHz (100%) | ram=13.2/16.8GB (79%) | it/s=4.50
2026-04-19 09:29:41,273 | INFO | [Monitor step=139300] temp=62C | gpu=100% | vram=4.7GB | clock=2917MHz (100%) | ram=13.2/16.8GB (79%) | it/s=4.51
2026-04-19 09:30:03,571 | INFO | [Monitor step=139400] temp=62C | gpu=100% | vram=4.7GB | clock=2917MHz (100%) | ram=13.2/16.8GB (79%) | it/s=4.50
2026-04-19 09:30:25,871 | INFO | [Monitor step=139500] temp=61C | gpu=99% | vram=4.7GB | clock=2917MHz (100%) | ram=13.2/16.8GB (79%) | it/s=4.50
2026-04-19 09:30:48,172 | INFO | [Monitor step=139600] temp=61C | gpu=98% | vram=4.7GB | clock=2917MHz (100%) | ram=13.2/16.8GB (79%) | it/s=4.51
2026-04-19 09:31:10,470 | INFO | [Monitor step=139700] temp=62C | gpu=97% | vram=4.7GB | clock=2917MHz (100%) | ram=13.2/16.8GB (79%) | it/s=4.51
2026-04-19 09:31:32,768 | INFO | [Monitor step=139800] temp=60C | gpu=99% | vram=4.7GB | clock=2917MHz (100%) | ram=13.2/16.8GB (79%) | it/s=4.51
2026-04-19 09:31:55,044 | INFO | [Monitor step=139900] temp=60C | gpu=99% | vram=4.7GB | clock=2917MHz (100%) | ram=13.2/16.8GB (79%) | it/s=4.51
2026-04-19 09:32:17,322 | INFO | [Monitor step=140000] temp=61C | gpu=99% | vram=4.7GB | clock=2917MHz (100%) | ram=13.2/16.8GB (79%) | it/s=4.51
2026-04-19 09:32:39,622 | INFO | [Monitor step=140100] temp=62C | gpu=99% | vram=4.7GB | clock=2917MHz (100%) | ram=13.2/16.8GB (79%) | it/s=4.51
2026-04-19 09:33:01,926 | INFO | [Monitor step=140200] temp=61C | gpu=98% | vram=4.7GB | clock=2917MHz (100%) | ram=13.4/16.8GB (80%) | it/s=4.51
2026-04-19 09:33:24,227 | INFO | [Monitor step=140300] temp=62C | gpu=98% | vram=4.7GB | clock=2917MHz (100%) | ram=13.2/16.8GB (79%) | it/s=4.51
2026-04-19 09:33:46,524 | INFO | [Monitor step=140400] temp=61C | gpu=99% | vram=4.7GB | clock=2917MHz (100%) | ram=13.2/16.8GB (79%) | it/s=4.52
2026-04-19 09:34:08,821 | INFO | [Monitor step=140500] temp=62C | gpu=99% | vram=4.7GB | clock=2917MHz (100%) | ram=13.3/16.8GB (79%) | it/s=4.51
2026-04-19 09:34:31,114 | INFO | [Monitor step=140600] temp=61C | gpu=99% | vram=4.7GB | clock=2917MHz (100%) | ram=13.3/16.8GB (79%) | it/s=4.51
2026-04-19 09:34:53,408 | INFO | [Monitor step=140700] temp=62C | gpu=99% | vram=4.7GB | clock=2917MHz (100%) | ram=13.3/16.8GB (79%) | it/s=4.51
2026-04-19 09:35:15,709 | INFO | [Monitor step=140800] temp=62C | gpu=98% | vram=4.7GB | clock=2917MHz (100%) | ram=13.3/16.8GB (79%) | it/s=4.50
2026-04-19 09:35:38,006 | INFO | [Monitor step=140900] temp=62C | gpu=98% | vram=4.7GB | clock=2917MHz (100%) | ram=13.3/16.8GB (79%) | it/s=4.50
2026-04-19 09:36:00,306 | INFO | [Monitor step=141000] temp=61C | gpu=100% | vram=4.7GB | clock=2917MHz (100%) | ram=13.3/16.8GB (79%) | it/s=4.48
2026-04-19 09:36:22,602 | INFO | [Monitor step=141100] temp=62C | gpu=100% | vram=4.7GB | clock=2917MHz (100%) | ram=13.3/16.8GB (79%) | it/s=4.51
2026-04-19 09:36:44,898 | INFO | [Monitor step=141200] temp=61C | gpu=99% | vram=4.7GB | clock=2917MHz (100%) | ram=13.3/16.8GB (79%) | it/s=4.51
2026-04-19 09:37:07,203 | INFO | [Monitor step=141300] temp=61C | gpu=98% | vram=4.7GB | clock=2917MHz (100%) | ram=13.3/16.8GB (79%) | it/s=4.51
2026-04-19 09:37:29,504 | INFO | [Monitor step=141400] temp=62C | gpu=98% | vram=4.7GB | clock=2917MHz (100%) | ram=13.3/16.8GB (79%) | it/s=4.51
2026-04-19 09:37:51,808 | INFO | [Monitor step=141500] temp=62C | gpu=100% | vram=4.7GB | clock=2917MHz (100%) | ram=13.3/16.8GB (79%) | it/s=4.51
2026-04-19 09:38:14,104 | INFO | [Monitor step=141600] temp=62C | gpu=99% | vram=4.7GB | clock=2917MHz (100%) | ram=13.3/16.8GB (79%) | it/s=4.51
2026-04-19 09:38:36,400 | INFO | [Monitor step=141700] temp=61C | gpu=100% | vram=4.7GB | clock=2917MHz (100%) | ram=13.3/16.8GB (79%) | it/s=4.51
2026-04-19 09:38:58,699 | INFO | [Monitor step=141800] temp=62C | gpu=100% | vram=4.7GB | clock=2917MHz (100%) | ram=13.3/16.8GB (79%) | it/s=4.52
2026-04-19 09:39:20,999 | INFO | [Monitor step=141900] temp=62C | gpu=99% | vram=4.7GB | clock=2917MHz (100%) | ram=13.3/16.8GB (79%) | it/s=4.50
2026-04-19 09:39:43,299 | INFO | [Monitor step=142000] temp=62C | gpu=97% | vram=4.7GB | clock=2917MHz (100%) | ram=13.3/16.8GB (79%) | it/s=4.50
2026-04-19 09:40:05,600 | INFO | [Monitor step=142100] temp=62C | gpu=98% | vram=4.7GB | clock=2917MHz (100%) | ram=13.3/16.8GB (79%) | it/s=4.51
2026-04-19 09:40:27,901 | INFO | [Monitor step=142200] temp=61C | gpu=100% | vram=4.7GB | clock=2917MHz (100%) | ram=13.3/16.8GB (79%) | it/s=4.50
2026-04-19 09:40:50,203 | INFO | [Monitor step=142300] temp=62C | gpu=100% | vram=4.7GB | clock=2917MHz (100%) | ram=13.3/16.8GB (79%) | it/s=4.50
2026-04-19 09:41:12,502 | INFO | [Monitor step=142400] temp=62C | gpu=99% | vram=4.7GB | clock=2917MHz (100%) | ram=13.3/16.8GB (79%) | it/s=4.51
2026-04-19 09:41:34,803 | INFO | [Monitor step=142500] temp=62C | gpu=97% | vram=4.7GB | clock=2917MHz (100%) | ram=13.3/16.8GB (79%) | it/s=4.51
2026-04-19 09:41:57,100 | INFO | [Monitor step=142600] temp=62C | gpu=98% | vram=4.7GB | clock=2917MHz (100%) | ram=13.3/16.8GB (79%) | it/s=4.51
2026-04-19 09:42:19,377 | INFO | [Monitor step=142700] temp=59C | gpu=99% | vram=4.7GB | clock=2917MHz (100%) | ram=13.3/16.8GB (79%) | it/s=4.51
2026-04-19 09:42:41,675 | INFO | [Monitor step=142800] temp=62C | gpu=100% | vram=4.7GB | clock=2917MHz (100%) | ram=13.3/16.8GB (79%) | it/s=4.51
2026-04-19 09:43:03,973 | INFO | [Monitor step=142900] temp=62C | gpu=99% | vram=4.7GB | clock=2917MHz (100%) | ram=13.3/16.8GB (79%) | it/s=4.51
2026-04-19 09:43:26,267 | INFO | [Monitor step=143000] temp=61C | gpu=99% | vram=4.7GB | clock=2917MHz (100%) | ram=13.3/16.8GB (79%) | it/s=4.51
2026-04-19 09:43:48,561 | INFO | [Monitor step=143100] temp=61C | gpu=99% | vram=4.7GB | clock=2917MHz (100%) | ram=13.0/16.8GB (78%) | it/s=4.51
2026-04-19 09:44:10,858 | INFO | [Monitor step=143200] temp=61C | gpu=98% | vram=4.7GB | clock=2917MHz (100%) | ram=13.0/16.8GB (78%) | it/s=4.52
2026-04-19 09:44:21,995 | INFO | Epoch 15 complete: train_loss=0.3254 | train_acc=99.97% | avg=4.51 it/s | time=35.5min
2026-04-19 09:44:22,159 | INFO |   Running validation...
2026-04-19 09:44:59,512 | INFO |   Val Accuracy:  99.15%
2026-04-19 09:44:59,513 | INFO |   Val F1:        99.15%
2026-04-19 09:44:59,514 | INFO |   Val Precision: 99.15%
2026-04-19 09:44:59,514 | INFO |   Val Recall:    99.15%
2026-04-19 09:44:59,514 | INFO |   Val Loss:      0.3393
2026-04-19 09:44:59,514 | INFO |   Train-Val Gap: 0.83%
2026-04-19 09:44:59,514 | INFO |   No improvement. Patience: 3/15
2026-04-19 09:44:59,514 | INFO | 
============================================================
2026-04-19 09:44:59,514 | INFO | STEP 5: POST-TRAINING DIAGNOSIS
2026-04-19 09:44:59,514 | INFO | ============================================================
2026-04-19 09:44:59,514 | INFO | Total time: 9h 2m
2026-04-19 09:44:59,514 | INFO | Best epoch:   12
2026-04-19 09:44:59,515 | INFO | Best val acc: 99.15%
2026-04-19 09:44:59,515 | INFO | Speed: start=4.48 end=4.51 it/s (drop=-0.6%)
2026-04-19 09:44:59,515 | INFO | 
============================================================
2026-04-19 09:44:59,515 | INFO | GPU DIAGNOSIS
2026-04-19 09:44:59,515 | INFO | ============================================================
2026-04-19 09:44:59,515 | INFO |   Max temperature: 63C
2026-04-19 09:44:59,516 | INFO |   Avg GPU util:    98.8%
2026-04-19 09:44:59,516 | INFO |   Clock range:     2910-2925MHz
2026-04-19 09:44:59,516 | INFO |   Clock drop:      0.5%
2026-04-19 09:44:59,516 | INFO |   Peak VRAM:       4.76GB / 8.5GB
2026-04-19 09:44:59,516 | INFO |   Throttled:       False
2026-04-19 09:44:59,516 | INFO | 
============================================================
2026-04-19 09:44:59,516 | INFO | STEP 6: FINAL EVALUATION
2026-04-19 09:44:59,516 | INFO | ============================================================
2026-04-19 09:44:59,516 | INFO | Loading best model: ./models/vit-base-mrl-augmented-2\best_model
2026-04-19 09:45:38,319 | INFO | Final Val Accuracy:  99.15%
2026-04-19 09:45:38,319 | INFO | Final Val F1:        99.15%
2026-04-19 09:45:38,320 | INFO | Final Val Precision: 99.15%
2026-04-19 09:45:38,320 | INFO | Final Val Recall:    99.15%
2026-04-19 09:45:38,320 | INFO | Final Val Loss:      0.3391
2026-04-19 09:47:07,909 | INFO | Final Test Accuracy:  99.23%
2026-04-19 09:47:07,909 | INFO | Final Test F1:        99.23%
2026-04-19 09:47:07,910 | INFO | Final Test Precision: 99.23%
2026-04-19 09:47:07,911 | INFO | Final Test Recall:    99.23%
2026-04-19 09:47:07,911 | INFO | Final Test Loss:      0.3369
2026-04-19 09:47:07,911 | INFO | 
============================================================
2026-04-19 09:47:07,911 | INFO | STEP 7: SAVING MODEL + FIGURES
2026-04-19 09:47:07,911 | INFO | ============================================================
2026-04-19 09:47:09,593 | INFO | Model saved: ./models/vit-base-mrl-augmented-2\final_model
2026-04-19 09:47:11,287 | INFO | 
============================================================
  TRAINING COMPLETE
=
  TRAINING COMPLETE
=
  TRAINING COMPLETE
=
  TRAINING COMPLETE
=
  TRAINING COMPLETE
=
  TRAINING COMPLETE
=
  TRAINING COMPLETE
=
  TRAINING COMPLETE
=
  TRAINING COMPLETE
=
  TRAINING COMPLETE
=
  TRAINING COMPLETE
=
  TRAINING COMPLETE
=
  TRAINING COMPLETE
=
  TRAINING COMPLETE
=
  TRAINING COMPLETE
=
  TRAINING COMPLETE
=
  TRAINING COMPLETE
=
  TRAINING COMPLETE
=
  TRAINING COMPLETE
=
  TRAINING COMPLETE
=
  TRAINING COMPLETE
=
  TRAINING COMPLETE
=
  TRAINING COMPLETE
=
  TRAINING COMPLETE
=
  TRAINING COMPLETE
=
  TRAINING COMPLETE
=
  TRAINING COMPLETE
=
  TRAINING COMPLETE
=
  TRAINING COMPLETE
=
  TRAINING COMPLETE
=
  TRAINING COMPLETE
=
  TRAINING COMPLETE
=
  TRAINING COMPLETE
=
  TRAINING COMPLETE
=
  TRAINING COMPLETE
=
  TRAINING COMPLETE
=
  TRAINING COMPLETE
=
  TRAINING COMPLETE
=
  TRAINING COMPLETE
=
  TRAINING COMPLETE
=
  TRAINING COMPLETE
=
  TRAINING COMPLETE
=
  TRAINING COMPLETE
=
  TRAINING COMPLETE
=
  TRAINING COMPLETE
=
  TRAINING COMPLETE
=
  TRAINING COMPLETE
=
  TRAINING COMPLETE
=
  TRAINING COMPLETE
=
  TRAINING COMPLETE
=
  TRAINING COMPLETE
=
  TRAINING COMPLETE
=
  TRAINING COMPLETE
=
  TRAINING COMPLETE
=
  TRAINING COMPLETE
=
  TRAINING COMPLETE
=
  TRAINING COMPLETE
=
  TRAINING COMPLETE
=
  TRAINING COMPLETE
=
  TRAINING COMPLETE
=
  Model:         ViT-Base (86M params)
  Dataset:       MRL Augmented
  Training time: 9h 2m
  Best epoch:    12

  Best Train Acc: 99.95%
  Best Val Acc:   99.15%
  Train-Val Gap:  0.81%

  Final Val Acc:  99.15%
  Final Val F1:   99.15%
  Final Test Acc: 99.23%
  Final Test F1:  99.23%

  Figures saved:
    training_curves_full.png
    confusion_matrix_validation.png
    confusion_matrix_test.png
    gpu_monitoring.png

  Model saved: ./models/vit-base-mrl-augmented-2\final_model
=
  Model:         ViT-Base (86M params)
  Dataset:       MRL Augmented
  Training time: 9h 2m
  Best epoch:    12

  Best Train Acc: 99.95%
  Best Val Acc:   99.15%
  Train-Val Gap:  0.81%

  Final Val Acc:  99.15%
  Final Val F1:   99.15%
  Final Test Acc: 99.23%
  Final Test F1:  99.23%

  Figures saved:
    training_curves_full.png
    confusion_matrix_validation.png
    confusion_matrix_test.png
    gpu_monitoring.png

  Model saved: ./models/vit-base-mrl-augmented-2\final_model
=
  Model:         ViT-Base (86M params)
  Dataset:       MRL Augmented
  Training time: 9h 2m
  Best epoch:    12

  Best Train Acc: 99.95%
  Best Val Acc:   99.15%
  Train-Val Gap:  0.81%

  Final Val Acc:  99.15%
  Final Val F1:   99.15%
  Final Test Acc: 99.23%
  Final Test F1:  99.23%

  Figures saved:
    training_curves_full.png
    confusion_matrix_validation.png
    confusion_matrix_test.png
    gpu_monitoring.png

  Model saved: ./models/vit-base-mrl-augmented-2\final_model
=
  Model:         ViT-Base (86M params)
  Dataset:       MRL Augmented
  Training time: 9h 2m
  Best epoch:    12

  Best Train Acc: 99.95%
  Best Val Acc:   99.15%
  Train-Val Gap:  0.81%

  Final Val Acc:  99.15%
  Final Val F1:   99.15%
  Final Test Acc: 99.23%
  Final Test F1:  99.23%

  Figures saved:
    training_curves_full.png
    confusion_matrix_validation.png
    confusion_matrix_test.png
    gpu_monitoring.png

  Model saved: ./models/vit-base-mrl-augmented-2\final_model
=
  Model:         ViT-Base (86M params)
  Dataset:       MRL Augmented
  Training time: 9h 2m
  Best epoch:    12

  Best Train Acc: 99.95%
  Best Val Acc:   99.15%
  Train-Val Gap:  0.81%

  Final Val Acc:  99.15%
  Final Val F1:   99.15%
  Final Test Acc: 99.23%
  Final Test F1:  99.23%

  Figures saved:
    training_curves_full.png
    confusion_matrix_validation.png
    confusion_matrix_test.png
    gpu_monitoring.png

  Model saved: ./models/vit-base-mrl-augmented-2\final_model
=
  Model:         ViT-Base (86M params)
  Dataset:       MRL Augmented
  Training time: 9h 2m
  Best epoch:    12

  Best Train Acc: 99.95%
  Best Val Acc:   99.15%
  Train-Val Gap:  0.81%

  Final Val Acc:  99.15%
  Final Val F1:   99.15%
  Final Test Acc: 99.23%
  Final Test F1:  99.23%

  Figures saved:
    training_curves_full.png
    confusion_matrix_validation.png
    confusion_matrix_test.png
    gpu_monitoring.png

  Model saved: ./models/vit-base-mrl-augmented-2\final_model
=
  Model:         ViT-Base (86M params)
  Dataset:       MRL Augmented
  Training time: 9h 2m
  Best epoch:    12

  Best Train Acc: 99.95%
  Best Val Acc:   99.15%
  Train-Val Gap:  0.81%

  Final Val Acc:  99.15%
  Final Val F1:   99.15%
  Final Test Acc: 99.23%
  Final Test F1:  99.23%

  Figures saved:
    training_curves_full.png
    confusion_matrix_validation.png
    confusion_matrix_test.png
    gpu_monitoring.png

  Model saved: ./models/vit-base-mrl-augmented-2\final_model
=
  Model:         ViT-Base (86M params)
  Dataset:       MRL Augmented
  Training time: 9h 2m
  Best epoch:    12

  Best Train Acc: 99.95%
  Best Val Acc:   99.15%
  Train-Val Gap:  0.81%

  Final Val Acc:  99.15%
  Final Val F1:   99.15%
  Final Test Acc: 99.23%
  Final Test F1:  99.23%

  Figures saved:
    training_curves_full.png
    confusion_matrix_validation.png
    confusion_matrix_test.png
    gpu_monitoring.png

  Model saved: ./models/vit-base-mrl-augmented-2\final_model
=
  Model:         ViT-Base (86M params)
  Dataset:       MRL Augmented
  Training time: 9h 2m
  Best epoch:    12

  Best Train Acc: 99.95%
  Best Val Acc:   99.15%
  Train-Val Gap:  0.81%

  Final Val Acc:  99.15%
  Final Val F1:   99.15%
  Final Test Acc: 99.23%
  Final Test F1:  99.23%

  Figures saved:
    training_curves_full.png
    confusion_matrix_validation.png
    confusion_matrix_test.png
    gpu_monitoring.png

  Model saved: ./models/vit-base-mrl-augmented-2\final_model
=
  Model:         ViT-Base (86M params)
  Dataset:       MRL Augmented
  Training time: 9h 2m
  Best epoch:    12

  Best Train Acc: 99.95%
  Best Val Acc:   99.15%
  Train-Val Gap:  0.81%

  Final Val Acc:  99.15%
  Final Val F1:   99.15%
  Final Test Acc: 99.23%
  Final Test F1:  99.23%

  Figures saved:
    training_curves_full.png
    confusion_matrix_validation.png
    confusion_matrix_test.png
    gpu_monitoring.png

  Model saved: ./models/vit-base-mrl-augmented-2\final_model
=
  Model:         ViT-Base (86M params)
  Dataset:       MRL Augmented
  Training time: 9h 2m
  Best epoch:    12

  Best Train Acc: 99.95%
  Best Val Acc:   99.15%
  Train-Val Gap:  0.81%

  Final Val Acc:  99.15%
  Final Val F1:   99.15%
  Final Test Acc: 99.23%
  Final Test F1:  99.23%

  Figures saved:
    training_curves_full.png
    confusion_matrix_validation.png
    confusion_matrix_test.png
    gpu_monitoring.png

  Model saved: ./models/vit-base-mrl-augmented-2\final_model
=
  Model:         ViT-Base (86M params)
  Dataset:       MRL Augmented
  Training time: 9h 2m
  Best epoch:    12

  Best Train Acc: 99.95%
  Best Val Acc:   99.15%
  Train-Val Gap:  0.81%

  Final Val Acc:  99.15%
  Final Val F1:   99.15%
  Final Test Acc: 99.23%
  Final Test F1:  99.23%

  Figures saved:
    training_curves_full.png
    confusion_matrix_validation.png
    confusion_matrix_test.png
    gpu_monitoring.png

  Model saved: ./models/vit-base-mrl-augmented-2\final_model
=
  Model:         ViT-Base (86M params)
  Dataset:       MRL Augmented
  Training time: 9h 2m
  Best epoch:    12

  Best Train Acc: 99.95%
  Best Val Acc:   99.15%
  Train-Val Gap:  0.81%

  Final Val Acc:  99.15%
  Final Val F1:   99.15%
  Final Test Acc: 99.23%
  Final Test F1:  99.23%

  Figures saved:
    training_curves_full.png
    confusion_matrix_validation.png
    confusion_matrix_test.png
    gpu_monitoring.png

  Model saved: ./models/vit-base-mrl-augmented-2\final_model
=
  Model:         ViT-Base (86M params)
  Dataset:       MRL Augmented
  Training time: 9h 2m
  Best epoch:    12

  Best Train Acc: 99.95%
  Best Val Acc:   99.15%
  Train-Val Gap:  0.81%

  Final Val Acc:  99.15%
  Final Val F1:   99.15%
  Final Test Acc: 99.23%
  Final Test F1:  99.23%

  Figures saved:
    training_curves_full.png
    confusion_matrix_validation.png
    confusion_matrix_test.png
    gpu_monitoring.png

  Model saved: ./models/vit-base-mrl-augmented-2\final_model
=
  Model:         ViT-Base (86M params)
  Dataset:       MRL Augmented
  Training time: 9h 2m
  Best epoch:    12

  Best Train Acc: 99.95%
  Best Val Acc:   99.15%
  Train-Val Gap:  0.81%

  Final Val Acc:  99.15%
  Final Val F1:   99.15%
  Final Test Acc: 99.23%
  Final Test F1:  99.23%

  Figures saved:
    training_curves_full.png
    confusion_matrix_validation.png
    confusion_matrix_test.png
    gpu_monitoring.png

  Model saved: ./models/vit-base-mrl-augmented-2\final_model
=
  Model:         ViT-Base (86M params)
  Dataset:       MRL Augmented
  Training time: 9h 2m
  Best epoch:    12

  Best Train Acc: 99.95%
  Best Val Acc:   99.15%
  Train-Val Gap:  0.81%

  Final Val Acc:  99.15%
  Final Val F1:   99.15%
  Final Test Acc: 99.23%
  Final Test F1:  99.23%

  Figures saved:
    training_curves_full.png
    confusion_matrix_validation.png
    confusion_matrix_test.png
    gpu_monitoring.png

  Model saved: ./models/vit-base-mrl-augmented-2\final_model
=
  Model:         ViT-Base (86M params)
  Dataset:       MRL Augmented
  Training time: 9h 2m
  Best epoch:    12

  Best Train Acc: 99.95%
  Best Val Acc:   99.15%
  Train-Val Gap:  0.81%

  Final Val Acc:  99.15%
  Final Val F1:   99.15%
  Final Test Acc: 99.23%
  Final Test F1:  99.23%

  Figures saved:
    training_curves_full.png
    confusion_matrix_validation.png
    confusion_matrix_test.png
    gpu_monitoring.png

  Model saved: ./models/vit-base-mrl-augmented-2\final_model
=
  Model:         ViT-Base (86M params)
  Dataset:       MRL Augmented
  Training time: 9h 2m
  Best epoch:    12

  Best Train Acc: 99.95%
  Best Val Acc:   99.15%
  Train-Val Gap:  0.81%

  Final Val Acc:  99.15%
  Final Val F1:   99.15%
  Final Test Acc: 99.23%
  Final Test F1:  99.23%

  Figures saved:
    training_curves_full.png
    confusion_matrix_validation.png
    confusion_matrix_test.png
    gpu_monitoring.png

  Model saved: ./models/vit-base-mrl-augmented-2\final_model
=
  Model:         ViT-Base (86M params)
  Dataset:       MRL Augmented
  Training time: 9h 2m
  Best epoch:    12

  Best Train Acc: 99.95%
  Best Val Acc:   99.15%
  Train-Val Gap:  0.81%

  Final Val Acc:  99.15%
  Final Val F1:   99.15%
  Final Test Acc: 99.23%
  Final Test F1:  99.23%

  Figures saved:
    training_curves_full.png
    confusion_matrix_validation.png
    confusion_matrix_test.png
    gpu_monitoring.png

  Model saved: ./models/vit-base-mrl-augmented-2\final_model
=
  Model:         ViT-Base (86M params)
  Dataset:       MRL Augmented
  Training time: 9h 2m
  Best epoch:    12

  Best Train Acc: 99.95%
  Best Val Acc:   99.15%
  Train-Val Gap:  0.81%

  Final Val Acc:  99.15%
  Final Val F1:   99.15%
  Final Test Acc: 99.23%
  Final Test F1:  99.23%

  Figures saved:
    training_curves_full.png
    confusion_matrix_validation.png
    confusion_matrix_test.png
    gpu_monitoring.png

  Model saved: ./models/vit-base-mrl-augmented-2\final_model
=
  Model:         ViT-Base (86M params)
  Dataset:       MRL Augmented
  Training time: 9h 2m
  Best epoch:    12

  Best Train Acc: 99.95%
  Best Val Acc:   99.15%
  Train-Val Gap:  0.81%

  Final Val Acc:  99.15%
  Final Val F1:   99.15%
  Final Test Acc: 99.23%
  Final Test F1:  99.23%

  Figures saved:
    training_curves_full.png
    confusion_matrix_validation.png
    confusion_matrix_test.png
    gpu_monitoring.png

  Model saved: ./models/vit-base-mrl-augmented-2\final_model
=
  Model:         ViT-Base (86M params)
  Dataset:       MRL Augmented
  Training time: 9h 2m
  Best epoch:    12

  Best Train Acc: 99.95%
  Best Val Acc:   99.15%
  Train-Val Gap:  0.81%

  Final Val Acc:  99.15%
  Final Val F1:   99.15%
  Final Test Acc: 99.23%
  Final Test F1:  99.23%

  Figures saved:
    training_curves_full.png
    confusion_matrix_validation.png
    confusion_matrix_test.png
    gpu_monitoring.png

  Model saved: ./models/vit-base-mrl-augmented-2\final_model
=
  Model:         ViT-Base (86M params)
  Dataset:       MRL Augmented
  Training time: 9h 2m
  Best epoch:    12

  Best Train Acc: 99.95%
  Best Val Acc:   99.15%
  Train-Val Gap:  0.81%

  Final Val Acc:  99.15%
  Final Val F1:   99.15%
  Final Test Acc: 99.23%
  Final Test F1:  99.23%

  Figures saved:
    training_curves_full.png
    confusion_matrix_validation.png
    confusion_matrix_test.png
    gpu_monitoring.png

  Model saved: ./models/vit-base-mrl-augmented-2\final_model
=
  Model:         ViT-Base (86M params)
  Dataset:       MRL Augmented
  Training time: 9h 2m
  Best epoch:    12

  Best Train Acc: 99.95%
  Best Val Acc:   99.15%
  Train-Val Gap:  0.81%

  Final Val Acc:  99.15%
  Final Val F1:   99.15%
  Final Test Acc: 99.23%
  Final Test F1:  99.23%

  Figures saved:
    training_curves_full.png
    confusion_matrix_validation.png
    confusion_matrix_test.png
    gpu_monitoring.png

  Model saved: ./models/vit-base-mrl-augmented-2\final_model
=
  Model:         ViT-Base (86M params)
  Dataset:       MRL Augmented
  Training time: 9h 2m
  Best epoch:    12

  Best Train Acc: 99.95%
  Best Val Acc:   99.15%
  Train-Val Gap:  0.81%

  Final Val Acc:  99.15%
  Final Val F1:   99.15%
  Final Test Acc: 99.23%
  Final Test F1:  99.23%

  Figures saved:
    training_curves_full.png
    confusion_matrix_validation.png
    confusion_matrix_test.png
    gpu_monitoring.png

  Model saved: ./models/vit-base-mrl-augmented-2\final_model
=
  Model:         ViT-Base (86M params)
  Dataset:       MRL Augmented
  Training time: 9h 2m
  Best epoch:    12

  Best Train Acc: 99.95%
  Best Val Acc:   99.15%
  Train-Val Gap:  0.81%

  Final Val Acc:  99.15%
  Final Val F1:   99.15%
  Final Test Acc: 99.23%
  Final Test F1:  99.23%

  Figures saved:
    training_curves_full.png
    confusion_matrix_validation.png
    confusion_matrix_test.png
    gpu_monitoring.png

  Model saved: ./models/vit-base-mrl-augmented-2\final_model
=
  Model:         ViT-Base (86M params)
  Dataset:       MRL Augmented
  Training time: 9h 2m
  Best epoch:    12

  Best Train Acc: 99.95%
  Best Val Acc:   99.15%
  Train-Val Gap:  0.81%

  Final Val Acc:  99.15%
  Final Val F1:   99.15%
  Final Test Acc: 99.23%
  Final Test F1:  99.23%

  Figures saved:
    training_curves_full.png
    confusion_matrix_validation.png
    confusion_matrix_test.png
    gpu_monitoring.png

  Model saved: ./models/vit-base-mrl-augmented-2\final_model
=
  Model:         ViT-Base (86M params)
  Dataset:       MRL Augmented
  Training time: 9h 2m
  Best epoch:    12

  Best Train Acc: 99.95%
  Best Val Acc:   99.15%
  Train-Val Gap:  0.81%

  Final Val Acc:  99.15%
  Final Val F1:   99.15%
  Final Test Acc: 99.23%
  Final Test F1:  99.23%

  Figures saved:
    training_curves_full.png
    confusion_matrix_validation.png
    confusion_matrix_test.png
    gpu_monitoring.png

  Model saved: ./models/vit-base-mrl-augmented-2\final_model
=
  Model:         ViT-Base (86M params)
  Dataset:       MRL Augmented
  Training time: 9h 2m
  Best epoch:    12

  Best Train Acc: 99.95%
  Best Val Acc:   99.15%
  Train-Val Gap:  0.81%

  Final Val Acc:  99.15%
  Final Val F1:   99.15%
  Final Test Acc: 99.23%
  Final Test F1:  99.23%

  Figures saved:
    training_curves_full.png
    confusion_matrix_validation.png
    confusion_matrix_test.png
    gpu_monitoring.png

  Model saved: ./models/vit-base-mrl-augmented-2\final_model
=
  Model:         ViT-Base (86M params)
  Dataset:       MRL Augmented
  Training time: 9h 2m
  Best epoch:    12

  Best Train Acc: 99.95%
  Best Val Acc:   99.15%
  Train-Val Gap:  0.81%

  Final Val Acc:  99.15%
  Final Val F1:   99.15%
  Final Test Acc: 99.23%
  Final Test F1:  99.23%

  Figures saved:
    training_curves_full.png
    confusion_matrix_validation.png
    confusion_matrix_test.png
    gpu_monitoring.png

  Model saved: ./models/vit-base-mrl-augmented-2\final_model
=
  Model:         ViT-Base (86M params)
  Dataset:       MRL Augmented
  Training time: 9h 2m
  Best epoch:    12

  Best Train Acc: 99.95%
  Best Val Acc:   99.15%
  Train-Val Gap:  0.81%

  Final Val Acc:  99.15%
  Final Val F1:   99.15%
  Final Test Acc: 99.23%
  Final Test F1:  99.23%

  Figures saved:
    training_curves_full.png
    confusion_matrix_validation.png
    confusion_matrix_test.png
    gpu_monitoring.png

  Model saved: ./models/vit-base-mrl-augmented-2\final_model
=
  Model:         ViT-Base (86M params)
  Dataset:       MRL Augmented
  Training time: 9h 2m
  Best epoch:    12

  Best Train Acc: 99.95%
  Best Val Acc:   99.15%
  Train-Val Gap:  0.81%

  Final Val Acc:  99.15%
  Final Val F1:   99.15%
  Final Test Acc: 99.23%
  Final Test F1:  99.23%

  Figures saved:
    training_curves_full.png
    confusion_matrix_validation.png
    confusion_matrix_test.png
    gpu_monitoring.png

  Model saved: ./models/vit-base-mrl-augmented-2\final_model
=
  Model:         ViT-Base (86M params)
  Dataset:       MRL Augmented
  Training time: 9h 2m
  Best epoch:    12

  Best Train Acc: 99.95%
  Best Val Acc:   99.15%
  Train-Val Gap:  0.81%

  Final Val Acc:  99.15%
  Final Val F1:   99.15%
  Final Test Acc: 99.23%
  Final Test F1:  99.23%

  Figures saved:
    training_curves_full.png
    confusion_matrix_validation.png
    confusion_matrix_test.png
    gpu_monitoring.png

  Model saved: ./models/vit-base-mrl-augmented-2\final_model
=
  Model:         ViT-Base (86M params)
  Dataset:       MRL Augmented
  Training time: 9h 2m
  Best epoch:    12

  Best Train Acc: 99.95%
  Best Val Acc:   99.15%
  Train-Val Gap:  0.81%

  Final Val Acc:  99.15%
  Final Val F1:   99.15%
  Final Test Acc: 99.23%
  Final Test F1:  99.23%

  Figures saved:
    training_curves_full.png
    confusion_matrix_validation.png
    confusion_matrix_test.png
    gpu_monitoring.png

  Model saved: ./models/vit-base-mrl-augmented-2\final_model
=
  Model:         ViT-Base (86M params)
  Dataset:       MRL Augmented
  Training time: 9h 2m
  Best epoch:    12

  Best Train Acc: 99.95%
  Best Val Acc:   99.15%
  Train-Val Gap:  0.81%

  Final Val Acc:  99.15%
  Final Val F1:   99.15%
  Final Test Acc: 99.23%
  Final Test F1:  99.23%

  Figures saved:
    training_curves_full.png
    confusion_matrix_validation.png
    confusion_matrix_test.png
    gpu_monitoring.png

  Model saved: ./models/vit-base-mrl-augmented-2\final_model
=
  Model:         ViT-Base (86M params)
  Dataset:       MRL Augmented
  Training time: 9h 2m
  Best epoch:    12

  Best Train Acc: 99.95%
  Best Val Acc:   99.15%
  Train-Val Gap:  0.81%

  Final Val Acc:  99.15%
  Final Val F1:   99.15%
  Final Test Acc: 99.23%
  Final Test F1:  99.23%

  Figures saved:
    training_curves_full.png
    confusion_matrix_validation.png
    confusion_matrix_test.png
    gpu_monitoring.png

  Model saved: ./models/vit-base-mrl-augmented-2\final_model
=
  Model:         ViT-Base (86M params)
  Dataset:       MRL Augmented
  Training time: 9h 2m
  Best epoch:    12

  Best Train Acc: 99.95%
  Best Val Acc:   99.15%
  Train-Val Gap:  0.81%

  Final Val Acc:  99.15%
  Final Val F1:   99.15%
  Final Test Acc: 99.23%
  Final Test F1:  99.23%

  Figures saved:
    training_curves_full.png
    confusion_matrix_validation.png
    confusion_matrix_test.png
    gpu_monitoring.png

  Model saved: ./models/vit-base-mrl-augmented-2\final_model
=
  Model:         ViT-Base (86M params)
  Dataset:       MRL Augmented
  Training time: 9h 2m
  Best epoch:    12

  Best Train Acc: 99.95%
  Best Val Acc:   99.15%
  Train-Val Gap:  0.81%

  Final Val Acc:  99.15%
  Final Val F1:   99.15%
  Final Test Acc: 99.23%
  Final Test F1:  99.23%

  Figures saved:
    training_curves_full.png
    confusion_matrix_validation.png
    confusion_matrix_test.png
    gpu_monitoring.png

  Model saved: ./models/vit-base-mrl-augmented-2\final_model
=
  Model:         ViT-Base (86M params)
  Dataset:       MRL Augmented
  Training time: 9h 2m
  Best epoch:    12

  Best Train Acc: 99.95%
  Best Val Acc:   99.15%
  Train-Val Gap:  0.81%

  Final Val Acc:  99.15%
  Final Val F1:   99.15%
  Final Test Acc: 99.23%
  Final Test F1:  99.23%

  Figures saved:
    training_curves_full.png
    confusion_matrix_validation.png
    confusion_matrix_test.png
    gpu_monitoring.png

  Model saved: ./models/vit-base-mrl-augmented-2\final_model
=
  Model:         ViT-Base (86M params)
  Dataset:       MRL Augmented
  Training time: 9h 2m
  Best epoch:    12

  Best Train Acc: 99.95%
  Best Val Acc:   99.15%
  Train-Val Gap:  0.81%

  Final Val Acc:  99.15%
  Final Val F1:   99.15%
  Final Test Acc: 99.23%
  Final Test F1:  99.23%

  Figures saved:
    training_curves_full.png
    confusion_matrix_validation.png
    confusion_matrix_test.png
    gpu_monitoring.png

  Model saved: ./models/vit-base-mrl-augmented-2\final_model
=
  Model:         ViT-Base (86M params)
  Dataset:       MRL Augmented
  Training time: 9h 2m
  Best epoch:    12

  Best Train Acc: 99.95%
  Best Val Acc:   99.15%
  Train-Val Gap:  0.81%

  Final Val Acc:  99.15%
  Final Val F1:   99.15%
  Final Test Acc: 99.23%
  Final Test F1:  99.23%

  Figures saved:
    training_curves_full.png
    confusion_matrix_validation.png
    confusion_matrix_test.png
    gpu_monitoring.png

  Model saved: ./models/vit-base-mrl-augmented-2\final_model
=
  Model:         ViT-Base (86M params)
  Dataset:       MRL Augmented
  Training time: 9h 2m
  Best epoch:    12

  Best Train Acc: 99.95%
  Best Val Acc:   99.15%
  Train-Val Gap:  0.81%

  Final Val Acc:  99.15%
  Final Val F1:   99.15%
  Final Test Acc: 99.23%
  Final Test F1:  99.23%

  Figures saved:
    training_curves_full.png
    confusion_matrix_validation.png
    confusion_matrix_test.png
    gpu_monitoring.png

  Model saved: ./models/vit-base-mrl-augmented-2\final_model
=
  Model:         ViT-Base (86M params)
  Dataset:       MRL Augmented
  Training time: 9h 2m
  Best epoch:    12

  Best Train Acc: 99.95%
  Best Val Acc:   99.15%
  Train-Val Gap:  0.81%

  Final Val Acc:  99.15%
  Final Val F1:   99.15%
  Final Test Acc: 99.23%
  Final Test F1:  99.23%

  Figures saved:
    training_curves_full.png
    confusion_matrix_validation.png
    confusion_matrix_test.png
    gpu_monitoring.png

  Model saved: ./models/vit-base-mrl-augmented-2\final_model
=
  Model:         ViT-Base (86M params)
  Dataset:       MRL Augmented
  Training time: 9h 2m
  Best epoch:    12

  Best Train Acc: 99.95%
  Best Val Acc:   99.15%
  Train-Val Gap:  0.81%

  Final Val Acc:  99.15%
  Final Val F1:   99.15%
  Final Test Acc: 99.23%
  Final Test F1:  99.23%

  Figures saved:
    training_curves_full.png
    confusion_matrix_validation.png
    confusion_matrix_test.png
    gpu_monitoring.png

  Model saved: ./models/vit-base-mrl-augmented-2\final_model
=
  Model:         ViT-Base (86M params)
  Dataset:       MRL Augmented
  Training time: 9h 2m
  Best epoch:    12

  Best Train Acc: 99.95%
  Best Val Acc:   99.15%
  Train-Val Gap:  0.81%

  Final Val Acc:  99.15%
  Final Val F1:   99.15%
  Final Test Acc: 99.23%
  Final Test F1:  99.23%

  Figures saved:
    training_curves_full.png
    confusion_matrix_validation.png
    confusion_matrix_test.png
    gpu_monitoring.png

  Model saved: ./models/vit-base-mrl-augmented-2\final_model
=
  Model:         ViT-Base (86M params)
  Dataset:       MRL Augmented
  Training time: 9h 2m
  Best epoch:    12

  Best Train Acc: 99.95%
  Best Val Acc:   99.15%
  Train-Val Gap:  0.81%

  Final Val Acc:  99.15%
  Final Val F1:   99.15%
  Final Test Acc: 99.23%
  Final Test F1:  99.23%

  Figures saved:
    training_curves_full.png
    confusion_matrix_validation.png
    confusion_matrix_test.png
    gpu_monitoring.png

  Model saved: ./models/vit-base-mrl-augmented-2\final_model
=
  Model:         ViT-Base (86M params)
  Dataset:       MRL Augmented
  Training time: 9h 2m
  Best epoch:    12

  Best Train Acc: 99.95%
  Best Val Acc:   99.15%
  Train-Val Gap:  0.81%

  Final Val Acc:  99.15%
  Final Val F1:   99.15%
  Final Test Acc: 99.23%
  Final Test F1:  99.23%

  Figures saved:
    training_curves_full.png
    confusion_matrix_validation.png
    confusion_matrix_test.png
    gpu_monitoring.png

  Model saved: ./models/vit-base-mrl-augmented-2\final_model
=
  Model:         ViT-Base (86M params)
  Dataset:       MRL Augmented
  Training time: 9h 2m
  Best epoch:    12

  Best Train Acc: 99.95%
  Best Val Acc:   99.15%
  Train-Val Gap:  0.81%

  Final Val Acc:  99.15%
  Final Val F1:   99.15%
  Final Test Acc: 99.23%
  Final Test F1:  99.23%

  Figures saved:
    training_curves_full.png
    confusion_matrix_validation.png
    confusion_matrix_test.png
    gpu_monitoring.png

  Model saved: ./models/vit-base-mrl-augmented-2\final_model
=
  Model:         ViT-Base (86M params)
  Dataset:       MRL Augmented
  Training time: 9h 2m
  Best epoch:    12

  Best Train Acc: 99.95%
  Best Val Acc:   99.15%
  Train-Val Gap:  0.81%

  Final Val Acc:  99.15%
  Final Val F1:   99.15%
  Final Test Acc: 99.23%
  Final Test F1:  99.23%

  Figures saved:
    training_curves_full.png
    confusion_matrix_validation.png
    confusion_matrix_test.png
    gpu_monitoring.png

  Model saved: ./models/vit-base-mrl-augmented-2\final_model
=
  Model:         ViT-Base (86M params)
  Dataset:       MRL Augmented
  Training time: 9h 2m
  Best epoch:    12

  Best Train Acc: 99.95%
  Best Val Acc:   99.15%
  Train-Val Gap:  0.81%

  Final Val Acc:  99.15%
  Final Val F1:   99.15%
  Final Test Acc: 99.23%
  Final Test F1:  99.23%

  Figures saved:
    training_curves_full.png
    confusion_matrix_validation.png
    confusion_matrix_test.png
    gpu_monitoring.png

  Model saved: ./models/vit-base-mrl-augmented-2\final_model
=
  Model:         ViT-Base (86M params)
  Dataset:       MRL Augmented
  Training time: 9h 2m
  Best epoch:    12

  Best Train Acc: 99.95%
  Best Val Acc:   99.15%
  Train-Val Gap:  0.81%

  Final Val Acc:  99.15%
  Final Val F1:   99.15%
  Final Test Acc: 99.23%
  Final Test F1:  99.23%

  Figures saved:
    training_curves_full.png
    confusion_matrix_validation.png
    confusion_matrix_test.png
    gpu_monitoring.png

  Model saved: ./models/vit-base-mrl-augmented-2\final_model
=
  Model:         ViT-Base (86M params)
  Dataset:       MRL Augmented
  Training time: 9h 2m
  Best epoch:    12

  Best Train Acc: 99.95%
  Best Val Acc:   99.15%
  Train-Val Gap:  0.81%

  Final Val Acc:  99.15%
  Final Val F1:   99.15%
  Final Test Acc: 99.23%
  Final Test F1:  99.23%

  Figures saved:
    training_curves_full.png
    confusion_matrix_validation.png
    confusion_matrix_test.png
    gpu_monitoring.png

  Model saved: ./models/vit-base-mrl-augmented-2\final_model
=
  Model:         ViT-Base (86M params)
  Dataset:       MRL Augmented
  Training time: 9h 2m
  Best epoch:    12

  Best Train Acc: 99.95%
  Best Val Acc:   99.15%
  Train-Val Gap:  0.81%

  Final Val Acc:  99.15%
  Final Val F1:   99.15%
  Final Test Acc: 99.23%
  Final Test F1:  99.23%

  Figures saved:
    training_curves_full.png
    confusion_matrix_validation.png
    confusion_matrix_test.png
    gpu_monitoring.png

  Model saved: ./models/vit-base-mrl-augmented-2\final_model
=
  Model:         ViT-Base (86M params)
  Dataset:       MRL Augmented
  Training time: 9h 2m
  Best epoch:    12

  Best Train Acc: 99.95%
  Best Val Acc:   99.15%
  Train-Val Gap:  0.81%

  Final Val Acc:  99.15%
  Final Val F1:   99.15%
  Final Test Acc: 99.23%
  Final Test F1:  99.23%

  Figures saved:
    training_curves_full.png
    confusion_matrix_validation.png
    confusion_matrix_test.png
    gpu_monitoring.png

  Model saved: ./models/vit-base-mrl-augmented-2\final_model
=
  Model:         ViT-Base (86M params)
  Dataset:       MRL Augmented
  Training time: 9h 2m
  Best epoch:    12

  Best Train Acc: 99.95%
  Best Val Acc:   99.15%
  Train-Val Gap:  0.81%

  Final Val Acc:  99.15%
  Final Val F1:   99.15%
  Final Test Acc: 99.23%
  Final Test F1:  99.23%

  Figures saved:
    training_curves_full.png
    confusion_matrix_validation.png
    confusion_matrix_test.png
    gpu_monitoring.png

  Model saved: ./models/vit-base-mrl-augmented-2\final_model
=
  Model:         ViT-Base (86M params)
  Dataset:       MRL Augmented
  Training time: 9h 2m
  Best epoch:    12

  Best Train Acc: 99.95%
  Best Val Acc:   99.15%
  Train-Val Gap:  0.81%

  Final Val Acc:  99.15%
  Final Val F1:   99.15%
  Final Test Acc: 99.23%
  Final Test F1:  99.23%

  Figures saved:
    training_curves_full.png
    confusion_matrix_validation.png
    confusion_matrix_test.png
    gpu_monitoring.png

  Model saved: ./models/vit-base-mrl-augmented-2\final_model
=
  Model:         ViT-Base (86M params)
  Dataset:       MRL Augmented
  Training time: 9h 2m
  Best epoch:    12

  Best Train Acc: 99.95%
  Best Val Acc:   99.15%
  Train-Val Gap:  0.81%

  Final Val Acc:  99.15%
  Final Val F1:   99.15%
  Final Test Acc: 99.23%
  Final Test F1:  99.23%

  Figures saved:
    training_curves_full.png
    confusion_matrix_validation.png
    confusion_matrix_test.png
    gpu_monitoring.png

  Model saved: ./models/vit-base-mrl-augmented-2\final_model
=
  Model:         ViT-Base (86M params)
  Dataset:       MRL Augmented
  Training time: 9h 2m
  Best epoch:    12

  Best Train Acc: 99.95%
  Best Val Acc:   99.15%
  Train-Val Gap:  0.81%

  Final Val Acc:  99.15%
  Final Val F1:   99.15%
  Final Test Acc: 99.23%
  Final Test F1:  99.23%

  Figures saved:
    training_curves_full.png
    confusion_matrix_validation.png
    confusion_matrix_test.png
    gpu_monitoring.png

  Model saved: ./models/vit-base-mrl-augmented-2\final_model
=
  Model:         ViT-Base (86M params)
  Dataset:       MRL Augmented
  Training time: 9h 2m
  Best epoch:    12

  Best Train Acc: 99.95%
  Best Val Acc:   99.15%
  Train-Val Gap:  0.81%

  Final Val Acc:  99.15%
  Final Val F1:   99.15%
  Final Test Acc: 99.23%
  Final Test F1:  99.23%

  Figures saved:
    training_curves_full.png
    confusion_matrix_validation.png
    confusion_matrix_test.png
    gpu_monitoring.png

  Model saved: ./models/vit-base-mrl-augmented-2\final_model
=
  Model:         ViT-Base (86M params)
  Dataset:       MRL Augmented
  Training time: 9h 2m
  Best epoch:    12

  Best Train Acc: 99.95%
  Best Val Acc:   99.15%
  Train-Val Gap:  0.81%

  Final Val Acc:  99.15%
  Final Val F1:   99.15%
  Final Test Acc: 99.23%
  Final Test F1:  99.23%

  Figures saved:
    training_curves_full.png
    confusion_matrix_validation.png
    confusion_matrix_test.png
    gpu_monitoring.png

  Model saved: ./models/vit-base-mrl-augmented-2\final_model
=
